tmdb,name
1,George Lucas
7,Andrew Stanton
8,Lee Unkrich
24,Robert Zemeckis
39,Sam Mendes
40,Orson Welles
42,Lars von Trier
43,John Fawcett
59,Luc Besson
68,Fritz Lang
108,Peter Jackson
138,Quentin Tarantino
185,Katsuhiro Otomo
190,Clint Eastwood
197,David Silverman
201,Michel Gondry
202,Charlie Kaufman
223,Alejandro González Iñárritu
224,David Cronenberg
240,Stanley Kubrick
280,Terry Gilliam
309,Pedro Almodóvar
323,Curtis Hanson
366,James Mangold
455,Paul Haggis
468,Stephen Daldry
488,Steven Spielberg
508,David Koepp
510,Tim Burton
518,Danny DeVito
525,Christopher Nolan
559,Wally Pfister
564,Richard Linklater
578,Ridley Scott
607,Zhang Yimou
608,Hayao Miyazaki
628,Isao Takahata
638,Michael Mann
648,Philip Kaufman
716,Emile Ardolino
769,Martin Brest
793,Luis Buñuel
814,Tony Kaye
834,Otto Preminger
865,Michael Bay
880,Ben Affleck
893,Tony Scott
956,Guy Ritchie
957,Matthew Vaughn
974,Dexter Fletcher
1011,Susanne Bier
1032,Martin Scorsese
1035,Paul Schrader
1038,Jodie Foster
1071,Tom Tykwer
1090,John McTiernan
1108,Shane Black
1126,Krzysztof Kieślowski
1150,Brian De Palma
1152,Oliver Stone
1176,Lone Scherfig
1201,Garry Marshall
1215,Raja Gosnell
1223,Joel Coen
1224,Ethan Coen
1243,Woody Allen
1269,Kevin Costner
1333,Andy Serkis
1461,George Clooney
1496,Tod Browning
1524,Harold Ramis
1577,Richard Kelly
1614,Ang Lee
1650,François Truffaut
1704,Gore Verbinski
1723,Walter Hill
1724,Roger Spottiswoode
1744,Robert Wise
1769,Sofia Coppola
1776,Francis Ford Coppola
1788,Nicholas Meyer
1884,Steven Soderbergh
1921,George Nolfi
1927,Blake Edwards
2034,Danny Boyle
2036,Alex Garland
2042,Stephen Hopkins
2127,James Wan
2128,Leigh Whannell
2150,Kevin Greutert
2171,Griffin Dunne
2199,Scott Frank
2209,Jan de Bont
2226,Sydney Pollack
2228,Sean Penn
2239,Anthony Minghella
2293,Frank Miller
2294,Robert Rodriguez
2303,Wim Wenders
2332,Christian Petzold
2406,Mathieu Kassovitz
2419,Jean-Pierre Jeunet
2461,Mel Gibson
2559,Henri-Georges Clouzot
2589,Terry George
2636,Alfred Hitchcock
2662,Frank Capra
2675,Darren Lynn Bousman
2679,David Hackl
2690,Peter Weir
2710,James Cameron
2725,Rainer Werner Fassbinder
2746,Elia Kazan
2765,Nicholas Ray
2778,Dennis Hopper
2836,Kimberly Peirce
2917,James Whale
2945,Stephen Gaghan
2978,Max Minghella
2991,Robert Wiene
3026,Rob Reiner
3055,David Mackenzie
3146,Billy Wilder
3224,Stephen Frears
3227,Steve Pink
3238,Merian C. Cooper
3239,Ernest B. Schoedsack
3288,Chris Weitz
3289,Paul Weitz
3388,James L. Brooks
3415,Jerry Zucker
3451,Mel Stuart
3556,Roman Polanski
3702,Sebastian Schipper
3776,Jean-Luc Godard
3831,Jean-Pierre Melville
3950,Len Wiseman
3974,Miloš Forman
4014,Paul W. S. Anderson
4027,Frank Darabont
4065,Fred Zinnemann
4109,Michael Curtiz
4385,Sergio Leone
4415,Federico Fellini
4429,Jim Jarmusch
4453,Thomas Vinterberg
4489,Steve Oedekerk
4499,Tom Shadyac
4586,Pitof
4600,Joe Dante
4610,John Landis
4723,Brian Helgeland
4755,David R. Ellis
4762,Paul Thomas Anderson
4782,Michael Crichton
4818,Roberto Benigni
4945,Joe Johnston
4955,Dario Argento
4956,Bernardo Bertolucci
4964,Hal Ashby
5026,Akira Kurosawa
5030,Edgar G. Ulmer
5045,Dan O'Bannon
5065,David Frankel
5133,Bo Welch
5140,Wes Craven
5174,Barry Sonnenfeld
5216,Gus Van Sant
5231,Wolfgang Petersen
5281,Spike Lee
5292,Denzel Washington
5306,Lasse Hallström
5342,Mike Nichols
5345,Bennett Miller
5367,Zach Braff
5446,David Hand
5524,Andrew Adamson
5572,Joel Schumacher
5602,David Lynch
5655,Wes Anderson
5656,Noah Baumbach
5690,James Algar
5691,Samuel Armstrong
5713,Chris Wedge
5714,Carlos Saldanha
5763,Jacques Tati
5834,Robert Stevenson
5877,Vincenzo Natali
5953,Spike Jonze
5970,Pier Paolo Pasolini
6011,Michael Haneke
6046,Roland Emmerich
6159,Ron Howard
6201,Baz Luhrmann
6220,Gurinder Chadha
6349,Alan J. Pakula
6431,Darren Aronofsky
6448,Arthur Penn
6482,John Singleton
6593,John Huston
6648,Ingmar Bergman
6729,Robert Benton
6733,Dan Mazer
6737,Jay Roach
6767,Larry Charles
6817,Agnès Varda
6818,Werner Herzog
6884,Patty Jenkins
7017,Roger Michell
7018,Richard Curtis
7087,Brad Bird
7145,Michael Lehmann
7187,Richard Donner
7213,Jonathan Mostow
7256,Lee Tamahori
7270,Adrian Lyne
7312,Angela Robinson
7313,Steve Box
7314,Nick Park
7316,Mark Burton
7395,Bobby Farrelly
7396,Peter Farrelly
7399,Ben Stiller
7409,J.B. Rogers
7467,David Fincher
7482,Julian Schnabel
7623,Sam Raimi
7767,Sam Peckinpah
7775,Stephen Sommers
7832,Oliver Hirschbiegel
7879,John Lasseter
7881,Jill Culton
7883,Ralph Eggleston
7908,Frank Oz
7930,Jan Pinkava
8012,Alan Barillaro
8020,John Kahrs
8023,Kyle Balda
8029,Jimmy Hayward
8039,James Ford Murphy
8193,Florian Henckel von Donnersmarck
8246,Barry Levinson
8296,Christophe Gans
8452,Andrei Tarkovsky
8482,Robert Mulligan
8500,John Ford
8557,Fernando Meirelles
8635,Buster Keaton
8676,Dean Devlin
8685,Andrew Niccol
8686,Sacha Gervasi
8858,Ivan Reitman
8876,Randal Kleiser
8929,Charles Crichton
9032,Bryan Singer
9033,Christopher McQuarrie
9049,Victor Fleming
9076,F.W. Murnau
9158,Sharon Maguire
9181,Edward Zwick
9200,John McNaughton
9248,Nora Ephron
9281,Elizabeth Banks
9339,Lilly Wachowski
9340,Lana Wachowski
9577,George Roy Hill
9603,Sergei Eisenstein
9622,Eric Brevig
9789,Robert Altman
9855,Terence Young
9868,Peter R. Hunt
9888,Claire Denis
9915,Guy Hamilton
9956,Chris Marker
10001,William Wyler
10051,Tobe Hooper
10076,Lewis Gilbert
10099,Park Chan-wook
10146,Jacques Tourneur
10179,John Glen
10346,Robert Bresson
10491,Paul Verhoeven
10517,Clyde Bruckman
10586,Richard Lester
10601,Joseph L. Mankiewicz
10702,Martin Campbell
10707,Terry Jones
10723,Mike Newell
10757,Jane Campion
10781,Michael Apted
10808,Stephen Norrington
10828,Guillermo del Toro
10921,Charles Laughton
10930,Irvin Kershner
10943,Francis Lawrence
10965,Chris Columbus
11012,Michael Dougherty
11090,Edgar Wright
11091,Brett Ratner
11092,Simon Kinberg
11147,John Cassavetes
11151,Nick Cassavetes
11154,Matt Ross
11181,Kenneth Branagh
11218,Alfonso Cuarón
11266,James McTeigue
11343,David Yates
11401,John Woo
11426,Ben Sharpsteen
11427,William Roberts
11428,Paul Satterfield
11429,Hamilton Luske
11430,Jim Handley
11431,Ford Beebe
11432,T. Hee
11434,Wilfred Jackson
11435,Howard Hawks
11447,Albert Hughes
11448,Allen Hughes
11505,John Hughes
11523,Georges Méliès
11528,Jean Renoir
11572,Carl Theodor Dreyer
11614,M. Night Shyamalan
11649,Cameron Crowe
11694,Doug Liman
11701,Angelina Jolie
11770,John Carpenter
11777,Tommy Lee Wallace
11873,Roger Kumble
11887,Brad Silberling
11983,Alain Resnais
12011,William Castle
12028,John Moore
12058,Vicky Jenson
12079,Kelly Asbury
12080,Conrad Vernon
12095,Cody Cameron
12098,Chris Miller
12114,Michael Cimino
12180,Mamoru Oshii
12238,David Lean
12329,Vittorio De Sica
12453,Wong Kar-wai
12698,Bob Clark
12786,Simon West
12840,John Badham
12859,Steven Lisberger
12881,Gary Goldman
12890,Pete Docter
12891,Joss Whedon
12905,Ash Brannon
12936,Jim Abrahams
12962,Jon Turteltaub
12987,David Zucker
12988,Paul Michael Glaser
12989,Andrew Davis
12995,Marc Forster
13015,Phillip Noyce
13079,Gavin Hood
13235,Alexander Payne
13265,Franklin J. Schaffner
13284,Stanley Donen
13294,Gene Kelly
13426,Peter Segal
13484,Jim Sharman
13520,Aaron Sorkin
13524,Christopher Guest
13563,Norman Jewison
13581,Brian Levant
13776,John Frankenheimer
13848,Charlie Chaplin
13859,Stuart Rosenberg
13927,Kurt Wimmer
13980,Vincente Minnelli
14132,Nicolas Roeg
14227,Jules Dassin
14386,Beyoncé Knowles
14392,Kathryn Bigelow
14520,John Sturges
14566,Alexander Mackendrick
14597,Gaspar Noé
14639,Mel Brooks
14674,George Cukor
14773,Don Siegel
14911,Penny Marshall
14999,George A. Romero
15002,Dean Parisot
15045,Michael Lembeck
15175,William Friedkin
15189,Michelangelo Antonioni
15217,Zack Snyder
15218,James Gunn
15277,Jon Favreau
15344,J.J. Abrams
15345,Alex Kurtzman
15378,Carol Reed
15488,Ken Loach
15557,Bill Condon
15774,Chris Buck
15775,Kevin Lima
15810,Ron Clements
15811,John Musker
15812,Roger Allers
15890,James Foley
16187,Jeannot Szwarc
16294,Jonathan Demme
16356,Steve Bendelack
16378,Mary Harron
16391,Julie Taymor
16483,Sylvester Stallone
16513,John G. Avildsen
16544,Ted Kotcheff
16566,George P. Cosmatos
16837,Mark Steven Johnson
16842,Stephen J. Anderson
16847,Eli Roth
16848,Rob Zombie
16863,Todd Haynes
16938,Renny Harlin
16959,Jonathan Dayton
16960,Valerie Faris
17016,Neil Jordan
17046,Gary Winick
17051,James Franco
17142,Paul Dano
17167,Andy Tennant
17268,Ronny Yu
17282,Takashi Miike
17329,Neil Burger
17403,Mike Judge
17439,Mike Mills
17447,Terry Zwigoff
17458,Abdellatif Kechiche
17494,Dennis Dugan
17496,Jacques Audiard
17510,Ol Parker
17597,Juan Carlos Fresnadillo
17633,Rob Marshall
17649,Alexander Witt
17697,John Krasinski
17698,Nancy Meyers
17812,Gregory Hoblit
17825,Shawn Levy
17835,Ricky Gervais
17867,Tom McCarthy
17871,John Hamburg
17883,David O. Russell
17884,Jeff Baena
18281,Donald Petrie
18308,Steve Barron
18311,Joe Roth
18335,George Sluizer
18356,Stephen Herek
18357,Peter Hewitt
18378,Herbert Ross
18392,Robert Aldrich
18596,Taylor Hackford
18598,Ishirō Honda
18844,John Madden
18863,Eric Darnell
18864,Tom McGrath
18865,Louis Leterrier
18868,Jerome Robbins
18878,Rob Cohen
18897,Jackie Chan
18898,Rob Minkoff
19014,Scott Z. Burns
19224,Gregg Araki
19242,Tony Gilroy
19271,Anthony Russo
19272,Joe Russo
19274,Seth Rogen
19303,Kevin Smith
19304,John Schlesinger
19311,Stephen Chbosky
19665,John Boorman
19769,David Ayer
19800,Richard Marquand
19840,Alejandro Amenábar
19850,Catherine Hardwicke
20031,Samuel Bayer
20133,Tod Williams
20192,Brian Taylor
20193,Mark Neveldine
20218,Eric Bress
20219,J. Mackye Gruber
20307,Joachim Rønning
20308,Espen Sandberg
20310,Takashi Shimizu
20355,Stephen Susco
20400,Tim Story
20503,Scott Mosier
20561,James Gray
20629,George Miller
20646,Gabriele Muccino
20659,Marjane Satrapi
20709,Vincent Paronnaud
20739,Adam Shankman
20907,Antoine Fuqua
21007,Jonah Hill
21085,Alex Proyas
21183,Nicolas Winding Refn
21198,Peter Sohn
21217,Jonathan Lynn
21371,Amy Holden Jones
21678,Olivier Assayas
21684,Bong Joon-ho
21879,Simon Wells
21981,Harald Zwart
22214,David Wain
22215,Michael Showalter
22461,Vincent Gallo
22810,Andy Nyman
23227,Steven Knight
23430,Timur Bekmambetov
23677,Joe Pytka
23683,Tony Cervone
23684,Bruce W. Smith
23964,Gary Ross
23968,Phil Alden Robinson
24045,Joseph Gordon-Levitt
24882,Jacques Demy
25467,Toshiya Fujita
25598,Paul Greengrass
25630,Jack Clayton
25645,Hirokazu Kore-eda
26095,John Patrick Shanley
26205,James Bobin
26502,Howard Deutch
26648,Luis Llosa
26713,Chuck Russell
26714,John R. Leonetti
26849,Daniel Myrick
26850,Eduardo Sánchez
26875,Hideo Nakata
27571,David Slade
27728,Leslie H. Martinson
27757,Gregg Hale
27977,Leos Carax
27991,Stuart Gordon
27992,Brian Yuzna
28976,Jack Bender
29214,Anne Fletcher
29433,Lucio Fulci
29605,Mikael Håfström
29922,Marcus Nispel
30008,Leo McCarey
30614,Ryan Gosling
30711,Kenneth Lonergan
30715,Terrence Malick
31024,Betty Thomas
31074,Kinji Fukasaku
31119,Sylvain White
31211,Clive Barker
31493,Alex Cox
32082,Andrzej Żuławski
32278,Matt Reeves
32327,Ken Russell
32593,Steven Brill
32813,Dominique Othenin-Girard
33183,David Bowers
33192,Joel Edgerton
33254,Jim Gillespie
33341,Rick Rosenthal
33485,Ron Underwood
33883,Jack Arnold
34517,Trey Parker
34682,Jeremiah S. Chechik
34891,Mike Johnson
34934,Bruce Timm
35270,Eric Radomski
35453,Pierre Morel
35475,Sean S. Cunningham
35689,Keenen Ivory Wayans
36425,McG
36588,Joe Wright
36602,Peter Berg
36697,Gábor Csupó
36797,Robert Luketic
36804,Peter Chelsom
37302,Georges Franju
37618,Andrew Dominik
37846,Emeric Pressburger
37932,F. Gary Gray
37948,Brad Anderson
39012,Peter Bogdanovich
39104,Abel Ferrara
39189,Stephen Merchant
39996,Sidney Lumet
40223,Joe Carnahan
40243,Gil Junger
40256,D.J. Caruso
40333,Satoshi Kon
40345,Don Bluth
40476,Maren Ade
40509,Veronika Franz
40644,Chad Stahelski
40684,David Leitch
40863,Joe Swanberg
40864,Andrew Bujalski
41039,Judd Apatow
41041,Christopher Smith
41549,Andrew Fleming
41671,Nimród Antal
42175,Richard Stanley
42994,David Dobkin
43141,Pete Travis
44056,Fred Dekker
44113,Steve Hickner
44114,Simon J. Smith
44740,Richard Shepard
44866,Edwin S. Porter
45117,John Carney
45138,Luc Dardenne
45400,Greta Gerwig
45419,Ry Russo-Young
45572,Ruggero Deodato
45730,Ramin Bahrani
46588,Bill Pohlad
46712,Douglas Sirk
47005,Alan Taylor
47333,John Wells
47506,Drew Goddard
49903,Tim Hill
50767,Craig Gillespie
51329,Bradley Cooper
51851,Jake Kasdan
51866,Rick Famuyiwa
51894,J. A. Bayona
51917,Larry Clark
51918,Harmony Korine
52112,Steve Carr
52114,Jon Lucas
52139,Seth MacFarlane
52194,Tony Randel
52358,Boaz Yakin
52443,Jason Reitman
52479,Eli Craig
52576,José Padilha
52609,Breck Eisner
52691,Anthony Stacchi
52701,Fergal Reilly
52803,Etan Cohen
52842,Garth Jennings
52845,Karey Kirkpatrick
52870,Tim Johnson
52934,Nicholas Stoller
52935,John Francis Daley
52968,Russell Mulcahy
53068,Ryan Fleck
53069,Anna Boden
53120,James DeMonaco
53267,Craig Brewer
53304,Peter Lord
53333,John Hillcoat
53925,Jared Hess
54025,Karyn Kusama
54040,John Lee Hancock
54050,Mark Waters
54240,Tamara Jenkins
54248,Christopher Landon
54472,Martin McDonagh
54507,Jon M. Chu
54525,Jaume Balagueró
54526,Paco Plaza
54584,Jesse Dylan
54710,Jody Hill
54733,Greg Mottola
54734,Evan Goldberg
54795,Troy Duffy
54868,Christian Gudegast
54967,Sam Weisman
55075,Jeff Wadlow
55116,Joe Chappelle
55119,Alejandro Jodorowsky
55252,Tim Miller
55299,Mark Herman
55493,Brady Corbet
55499,Scott Derrickson
55710,Adam McKay
55789,Tate Taylor
55790,Allan Moyle
55934,Taika Waititi
55936,Jemaine Clement
55983,Jim Henson
56194,Paolo Sorrentino
56209,Jean-Pierre Dardenne
56263,Mary Lambert
56322,Amy Poehler
56349,Victor Salva
56369,Antonio Campos
56370,Ruben Östlund
56383,Kelly Reichardt
56411,Glenn Ficarra
56412,John Requa
56501,Michael Spierig
56502,Peter Spierig
56512,Tarsem Singh
56539,Nicole Holofcener
56578,Jeff Tremaine
56591,Danny Leiner
56661,Jonathan Levine
56891,Rachel Talalay
56911,Les Mayfield
56998,Dwight H. Little
57113,Dan Gilroy
57130,Todd Phillips
57134,James Wong
57193,Gil Kenan
57270,Robert Schwentke
57314,Wolfgang Reitherman
57370,Frank Coraci
57383,Paul Brickman
57433,George Ogilvie
57434,Amy Heckerling
57446,Mark Romanek
57581,Neil Marshall
57604,Joel Gallen
57607,Stephen Chow
57633,Rawson Marshall Thurber
57646,Henry Selick
57691,Tamra Davis
57727,Robert Clouse
57741,Mark Osborne
57742,John Stevenson
57851,Bernard Rose
58072,John Pasquin
58094,Gillian Armstrong
58137,Chris Noonan
58189,Justin Lin
58245,Don Coscarelli
58251,Elaine May
58375,Andy Fickman
58448,Penelope Spheeris
58552,Burr Steers
58608,Shinya Tsukamoto
58689,Neil LaBute
58712,Steve Miner
58822,Danny Steinmann
58829,Darrell Rooney
58838,Marco Brambilla
58897,Sam Fell
59026,Peyton Reed
59291,Alexandre Aja
59315,Olivia Wilde
59466,Jamie Babbit
59521,Jaume Collet-Serra
59611,Pascal Laugier
59803,Brenda Chapman
59918,Rodney Rothman
59998,Greg McLean
60073,Brie Larson
60237,John A. Davis
60922,Josh Gordon
60923,Will Speck
61300,Yarrow Cheney
61371,Todd Edwards
61372,Tony Leech
61373,Cory Edwards
61411,Mark Dindal
61677,Burny Mattinson
61678,David Michener
61847,Ethan Maniquis
61949,Robert Walker
61952,Aaron Blaise
62020,Jack Sholder
62047,Gary Trousdale
62048,Kirk Wise
62514,Tommy O'Haver
62768,William Brent Bell
62854,Akiva Schaffer
62863,Jorma Taccone
63099,Michael Fimognari
63306,James Watkins
63550,Tom McLoughlin
63571,Wilson Yip
63820,Christian Ditter
64045,Kirk Jones
64141,David Gordon Green
64151,Mike Mitchell
64191,Lawrence Guterman
64194,Paweł Pawlikowski
64195,Joseph Zito
64211,Franck Khalfoun
64722,John Carl Buechler
64735,Rob Hedden
64743,Adam Marcus
64796,Tom Holland
64864,Clyde Geronimi
64992,Hou Hsiao-hsien
65167,Scott Cooper
65298,Brian Henson
65310,Kenny Ortega
65314,Giuseppe Tornatore
65429,Kunihiko Yuyama
65452,Mike Leigh
65530,Mike Gabriel
65531,Eric Goldberg
65594,John Michael McDonagh
65629,Bibo Bergeron
65630,Rob Letterman
65677,Don Mancini
65678,John Lafia
65734,Luke Greenfield
65855,Ralph Zondag
65856,Eric Leighton
66074,Bryan Bertino
66121,"George Tillman, Jr."
66190,Tony Bancroft
66191,Barry Cook
66193,Chris Sanders
66563,Fred Wolf
66605,Todd Solondz
66633,Vince Gilligan
66681,Matt Bettinelli-Olpin
66728,Jonathan Glazer
66739,Jonathan Liebesman
66777,Bob Fosse
66987,Fritz Kiersch
67367,Rian Johnson
67604,Ted Berman
67607,Art Stevens
67717,Michel Hazanavicius
67753,Mark L. Lester
67813,Baltasar Kormákur
68424,Michael Powell
68457,James Frawley
68770,Mark Rosman
68813,Céline Sciamma
68843,Jon Hurwitz
68844,Hayden Schlossberg
69003,John Lounsbery
69081,Kim Jee-woon
69124,Abby Kohn
69125,Marc Silverstein
69167,Juzo Itami
69237,Joe Berlinger
69371,Jean-Marc Vallée
69416,Bradley Raymond
69579,James Isaac
69597,Drew Barrymore
69741,David M. Evans
69759,Apichatpong Weerasethakul
69797,Dean DeBlois
70238,Chris Williams
70500,Tom Hooper
70651,Stephen Hillenburg
71068,Phyllida Lloyd
71082,Andrea Arnold
71267,Kirk DeMicco
71280,Michael Dowse
71329,Jonas Åkerlund
71538,Dave Filoni
71548,Peter Sollett
71551,Lorene Scafaria
71600,Seth Gordon
71609,Joachim Trier
71729,Steve Martino
71872,Jeff Nichols
71923,Shane Acker
71947,Gina Prince-Bythewood
72024,Malcolm D. Lee
72036,Susan Johnson
72619,Stacy Title
72757,Steve McQueen
74091,Makoto Shinkai
74396,Tomas Alfredson
74619,Sean Anders
74655,Jeremy Saulnier
74671,Robert Hiltzik
74752,Nikolaj Arcel
75035,Olivier Megaton
75699,Lisa Cholodenko
75915,Na Hong-jin
76595,Byron Howard
76624,Shane Carruth
76927,Tommy Wirkola
76965,Jon S. Baird
76978,Masaki Kobayashi
76998,James Marsh
77003,Gavin O'Connor
77147,John Erick Dowdle
77269,John Crowley
77357,Rupert Wyatt
77921,Hideaki Anno
77923,Kazuya Tsurumaki
77965,Morten Tyldum
78160,Luca Guadagnino
78173,Hiroyuki Morita
78188,Whit Stillman
78914,Noam Murro
79294,Herk Harvey
79434,Craig Zobel
80247,Stephen Chiodo
80260,René Laloux
80261,Robin Hardy
81850,Duncan Jones
81916,Tommy Wiseau
82194,Neill Blomkamp
82226,Charlie McDowell
82335,Richard Glatzer
82337,Wash Westmoreland
82511,Will Gluck
83281,Lenny Abrahamson
83287,Lynne Ramsay
83858,Simon Barrett
84416,Gene Stupnitsky
84425,Éric Toledano
84426,Olivier Nakache
84461,Alice Wu
84496,Josh Cooley
84851,Hoyt Yeatman
85822,Anthony C. Ferrante
86270,Joseph Kosinski
86688,Levan Gabriadze
87257,Cary Joji Fukunaga
87742,Marc Webb
87877,Roar Uthaug
88556,Glenn McQuaid
88675,Justin Baldoni
88926,Armando Iannucci
88967,Greg Berlanti
89112,Tony Leondis
90367,Sam Liu
90492,Lynn Shelton
90591,Oren Peli
90609,Oz Perkins
90694,Gillo Pontecorvo
91268,Ruben Fleischer
91493,Chris Addison
92657,Scott Sanders
92733,Adam Elliot
92784,Barry Jenkins
93214,Steven Quale
93237,Björn Runge
93364,Jeff Fowler
93406,Elem Klimov
94011,Bill Melendez
94075,David Soren
95320,Rodrigo Cortés
95501,Yasujirō Ozu
95972,Hans Petter Moland
96172,Sam Levinson
96657,Lee Chang-dong
96676,Tomm Moore
96677,Nora Twomey
96813,Maya Deren
98103,Richard Ayoade
98132,Jim Wynorski
98631,Adam Wingard
99082,Jovanka Vuckovic
100734,Johannes Roberts
100888,Chuck Jones
101542,Ti West
101666,Paul King
105435,Joanna Hogg
105643,Jay Oliva
105648,Nat Faxon
107274,Richard Rich
107446,Phil Lord
107490,Jaco Van Dormael
109314,Don Hertzfeldt
109745,Lee Toland Krieger
109857,Thor Freudenthal
110684,Takashi Nakamura
111588,J Blakeson
111807,Matthew Warchus
113285,Ben Washam
113373,Mike Birbiglia
114334,David Michôd
115128,Bo Burnham
116370,Matthew Diamond
116805,Paul Feig
117794,Chris Morris
118303,Nacho Vigalondo
118415,Sean Baker
118489,Walt Dohrn
118639,Tom Six
119294,Abbas Kiarostami
119624,Anna Biller
119665,Gregory Jacobs
120615,Tom Ford
121830,Nathan Greno
121873,Debra Granik
122423,Yorgos Lanthimos
124137,Věra Chytilová
124279,Brandon Vietti
124747,Pierre Coffin
124748,Chris Renaud
124749,Sergio Pablos
125324,William Eubank
125738,Daniel Espinosa
126452,Kei Fujiwara
126638,Mark Andrews
129561,Josh Safdie
129894,Gareth Edwards
130030,Chantal Akerman
132239,Babak Najafi
132305,Nobuhiko Ōbayashi
132876,Brad Peyton
132964,Drake Doremus
135113,André Øvredal
136153,Peter Atencio
136168,Mati Diop
136345,Sean Byrne
136495,Damien Chazelle
137427,Denis Villeneuve
137467,Ben Wheatley
138781,Robert Eggers
139098,Derek Cianfrance
141673,Jason Eisener
141825,Rusty Cundieff
141962,David Bruckner
142013,Gareth Evans
142272,Henry Joost
142276,Ariel Schulman
142312,Jennifer Yuh Nelson
142587,Greg Tiernan
143035,Edward Yang
143059,Patrick Hughes
143385,Fred C. Newmeyer
143561,Sam Taylor
143593,Xavier Dolan
144476,Hiromasa Yonebayashi
144816,Chris McKay
144977,Larry Roemer
146439,James Ward Byrkit
149495,Marti Noxon
150098,Rupert Goold
151007,Peter Ramsey
154547,Chris Nelson
154705,Chris Butler
155267,Christopher Miller
155531,Joe Cornish
161932,Jim Rash
162371,Scott Aukerman
164554,Jennifer Kent
165787,Rich Moore
166754,Abe Forsythe
168667,Jason Moore
173298,Jeremy Dyson
177532,Marielle Heller
185438,Genndy Tartakovsky
192852,Francis Lee
206623,Kahlil Joseph
208113,Sarah Smith
208664,Kay Cannon
209513,Macon Blair
212240,Tom Harper
217174,Paul Tibbitt
217587,Leslye Headland
222470,Todd Strauss-Schulson
223516,Benh Zeitlin
225009,Pablo Larraín
225976,Dan Scanlon
226089,Scott Moore
226599,Norman Ferguson
227439,Don Hall
227564,Benny Safdie
228134,Rupert Sanders
229482,Kyle Patrick Alvarez
229931,Asghar Farhadi
229962,Mike Thurmeier
235430,Timo Tjahjanto
236539,Jordan Vogt-Roberts
236859,Michaël R. Roskam
239672,Felix van Groeningen
291263,Jordan Peele
293911,Scott Waugh
303056,Craig Johnson
465763,Maggie Carey
472630,Dee Rees
527607,Sean Durkin
543842,David Guy Levy
549310,Justin Kurzel
550481,Jérémy Clapin
551463,Mike Flanagan
555254,Yoshifumi Kondou
556172,J.C. Chandor
557383,Marc Meyers
558929,David Robert Mitchell
567562,Phil Johnston
567933,Chris Peckover
568322,Dan Trachtenberg
583479,Aaron Moorhead
583857,Peter Strickland
585933,François Simard
585934,Anouk Whissell
586002,Andrew Haigh
587970,Matthew A. Cherry
588869,Claude Barras
589402,Adrian Grunberg
591600,Damián Szifron
592493,David Lowery
836732,Jake Schreier
929825,Ava DuVernay
930012,Alma Har'el
930526,Boots Riley
930707,Colin Trevorrow
930710,James Ponsoldt
931211,Alice Rohrwacher
932248,Fede Alvarez
932533,Stefano Sollima
932759,Brett Haley
934181,Paul Fisher
934803,Josh Trank
935705,Michael Dudok de Wit
936670,Bob Persichetti
937147,Autumn de Wilde
937765,Alejandro Landes
938681,James Duffy
938682,Patrik Forsberg
939027,Kevin Phillips
939147,Yeon Sang-ho
939502,Carlo Mirabella-Davis
970777,Matt Spicer
983909,Kelly Fremon Craig
991868,Ari Sandel
1003237,Dorota Kobiela
1016214,Kleber Mendonça Filho
1016229,Juliano Dornelles
1018106,S. Craig Zahler
1019303,Duke Johnson
1032536,Robert Stromberg
1033654,Josephine Decker
1033661,Travis Knight
1037999,Jeremy Gillespie
1038001,Steven Kostanski
1039527,Tyler Gillett
1039528,Justin Martinez
1039529,Chad Villella
1044250,Panos Cosmatos
1044255,Alex Ross Perry
1046494,Kris Pearn
1049745,Alexandre Lehmann
1053420,Josh Boone
1056121,Ryan Coogler
1059571,Justin Simien
1061517,Roxanne Benjamin
1061773,Jake Szymanski
1062805,John Maclean
1066705,Vince Marcello
1074560,Justin Benson
1085179,Andrew J. Cohen
1096867,Thea Sharrock
1099862,Dean Israelite
1101410,Dave Green
1113116,Andy Muschietti
1120694,Jennifer Lee
1120883,Sam Hargrave
1128442,Deniz Gamze Ergüven
1134669,Eliza Hittman
1137903,Sam Taylor-Johnson
1138699,John Krokidas
1141683,Theodore Melfi
1142171,Sebastián Lelio
1144604,Destin Daniel Cretton
1145520,Ari Aster
1145621,Jon Olb
1152981,Graham Annable
1154561,Kevin Kölsch
1155547,Patrick Brice
1169024,Ilya Naishuller
1172229,Yann Gonzalez
1173102,Garth Davis
1179066,Wes Ball
1182269,Josie Rourke
1193602,Gia Coppola
1198724,Riley Stearns
1199903,Hiro Murai
1213074,Steven S. DeKnight
1215399,Taylor Sheridan
1215621,Rob Burnett
1218988,Charlie Bean
1224031,Alfonso Gomez-Rejon
1224454,Nahnatchka Khan
1230252,Peter Howitt
1231927,Colm McCarthy
1236679,Jonathan M. Goldstein
1239407,Drew Pearce
1239766,Nisha Ganatra
1244465,Richard Starzak
1254001,Kyle Newacheck
1262481,Alessandro Carloni
1262867,Babak Anvari
1265056,Jorge R. Gutierrez
1272994,Jonathan van Tulleken
1276373,Michael Gracey
1278722,Trish Sie
1279519,Sara Colangelo
1281387,Clay Kaytis
1284099,Gillian Robespierre
1284692,Lorcan Finnegan
1285174,Desiree Akhavan
1289604,Ana Lily Amirpour
1290272,Dennis Widmyer
1293994,Jon Watts
1296522,Claire Scanlon
1299380,Nima Nourizadeh
1299642,Julius Avery
1301933,Julius Onah
1302082,David F. Sandberg
1302549,Susanna Fogel
1306608,Adam Robitel
1309008,Anna Rose Holmer
1317730,Daniel Scheinert
1323509,Zak Hilditch
1338249,Gary Dauberman
1341472,Jeff Tomsic
1347619,Severin Fiala
1362815,David Yarovesky
1371324,Lulu Wang
1383612,Daniel Kwan
1384266,Ian Samuels
1392433,Julia Ducournau
1393833,Crystal Moselle
1395183,Chloé Zhao
1397786,Yoann-Karl Whissell
1399841,Adil El Arbi
1399842,Bilall Fallah
1401474,Corin Hardy
1416383,Jim Cummings
1419579,Christian Rivers
1421414,Julia Hart
1422673,Jason Lei Howden
1423660,Trey Edward Shults
1443386,Brian Fee
1454563,Aaron Hann
1454564,Mario Miscione
1454941,László Nemes
1462214,David Sandberg
1466181,Hugh Welchman
1467926,Jennifer Fox
1475576,Rhys Thomas
1480320,Lars Klevberg
1480620,Lucia Aniello
1485381,Elijah Bynum
1485823,Thomas Kail
1545927,Nicolas Pesce
1546658,Tyler Nilson
1551346,Matthew Robinson
1551545,Steven Caple Jr.
1555636,Kogonada
1557607,Agnieszka Smoczyńska
1574550,Ali Abbasi
1579630,Will Graham
1586194,Jenny Gage
1607016,Coralie Fargeat
1607672,Michael Chaves
1609935,Melina Matsoukas
1609941,Todd Tourso
1609958,Dikayl Rimmasch
1620987,Cory Finley
1640646,Dave McCary
1657758,St. Vincent
1661862,William Oldroyd
1692687,Matthijs van Heijningen Jr.
1704882,Max Barbakow
1709468,Gerard McMurray
1719706,Aaron Horvath
1721377,Jennifer Kaytin Robinson
1731915,Kitty Green
1744211,Nzingha Stewart
1756398,John McPhail
1767030,Bob Logan
1773871,Dave Wilson
1774394,Joe Talbot
1779942,Everett Downing Jr.
1809041,Beth David
1809042,Esteban Bravo
1903167,Peter Rida Michail
1923202,Gustav Möller
1932178,Carlos López Estrada
1932296,Aneesh Chaganty
1936668,Cathy Yan
2009739,Domee Shi
2020100,Daniel Goldhaber
2026559,Madeleine Parry
2036264,Don Paul
2130029,Shinichiro Ueda
2186238,Andrew Patterson
2213046,Rosana Sullivan
2374023,Galder Gaztelu-Urrutia
2396600,Michael Schwartz
2584994,Will Scarbrough
2613838,Karen Rupert
2694134,Steven E. Rivkin
