movie_link,director_id
the-invisible-man-2020,2128
emma-2020,937147
palm-springs-2020,1704882
birds-of-prey-and-the-fantabulous-emancipation-of-one-harley-quinn,1936668
john-mulaney-the-sack-lunch-bunch,1475576
star-wars-the-rise-of-skywalker,15344
6-underground,865
little-women-2019,45400
the-gentlemen,956
1917,39
zombieland-double-tap,91268
the-irishman-2019,1032
jojo-rabbit,55934
knives-out-2019,67367
the-king-2019,114334
joker-2019,57130
ford-v-ferrari,366
marriage-story-2019,5656
it-chapter-two,1113116
ready-or-not-2019,66681
ready-or-not-2019,1039527
the-lion-king-2019,15277
spider-man-far-from-home,1293994
midsommar,1145520
toy-story-4,84496
dark-phoenix,11092
godzilla-king-of-the-monsters-2019,11012
parasite-2019,21684
once-upon-a-time-in-hollywood,138
the-lighthouse-2019,138781
rocketman-2019,974
pokemon-detective-pikachu,65630
avengers-endgame,19271
avengers-endgame,19272
shazam,1302082
us-2019,291263
us-2019,2584994
dumbo-2019,510
booksmart,59315
the-peanut-butter-falcon,1546658
the-peanut-butter-falcon,2396600
long-shot-2019,56661
captain-marvel,53068
captain-marvel,53069
triple-frontier,556172
isnt-it-romantic-2019,222470
fighting-with-my-family,39189
velvet-buzzsaw,57113
honey-boy,930012
the-farewell-2019,1371324
black-mirror-bandersnatch,27571
spider-man-into-the-spider-verse,59918
spider-man-into-the-spider-verse,151007
spider-man-into-the-spider-verse,936670
aquaman-2018,2127
instant-family,74619
mary-queen-of-scots-2018,1182269
venom-2018,91268
bad-times-at-the-el-royale,47506
green-book,7396
widows-2018,72757
teen-spirit-2018,2978
beautiful-boy-2018,239672
first-man,136495
crazy-rich-asians,54507
mission-impossible-fallout,9033
mamma-mia-here-we-go-again,17510
a-quiet-place-2018,17697
black-panther-2018,1056121
hereditary,1145520
eighth-grade,115128
the-commuter,59521
blade-runner-2049,137427
kingsman-the-golden-circle,957
unicorn-store,60073
i-tonya,50767
it-2017,1113116
lady-bird,45400
logan-lucky,1884
dunkirk-2017,525
loving-vincent,1003237
loving-vincent,1466181
good-time,129561
good-time,227564
the-killing-of-a-sacred-deer,122423
okja,21684
king-arthur-legend-of-the-sword,956
power-rangers,1099862
baby-driver,11090
gods-own-country-2017,192852
get-out-2017,291263
columbus-2017,1555636
the-big-sick,22215
the-lost-city-of-z,20561
20th-century-women,17439
lady-macbeth,1661862
the-light-between-oceans,139098
nocturnal-animals,120615
arrival-2016,137427
la-la-land,136495
star-trek-beyond,58189
now-you-see-me-2,54507
paterson,4429
the-nice-guys,1108
train-to-busan,939147
x-men-apocalypse,9032
10-cloverfield-lane,568322
sing-street,45117
captain-fantastic,11154
pride-and-prejudice-and-zombies,58552
star-wars-the-force-awakens,15344
creed,1056121
crimson-peak,10828
maze-runner-the-scorch-trials,1179066
everest-2015,67813
the-man-from-uncle,956
sicario-2015,137427
cinderella-2015,11181
brooklyn,77269
me-and-earl-and-the-dying-girl,1224031
the-witch-2015,138781
ex-machina-2014,2036
kingsman-the-secret-service,957
interstellar,525
love-rosie,63820
fury-2014,19769
gone-girl,7467
nightcrawler,57113
goodnight-mommy,40509
goodnight-mommy,1347619
edge-of-tomorrow,11694
x-men-days-of-future-past,9032
the-amazing-spider-man-2,87742
the-grand-budapest-hotel,5655
whiplash-2014,136495
the-hunger-games-catching-fire,10943
oculus,551463
what-if-2013,71280
prisoners,137427
world-war-z,12995
only-god-forgives,21183
inside-llewyn-davis,1223
inside-llewyn-davis,1224
the-bling-ring,1769
the-great-gatsby-2013,6201
star-trek-into-darkness,15344
iron-man-3,1108
short-term-12-2013,1144604
stoker,10099
kill-your-darlings-2013,1138699
looper,67367
frankenweenie-2012,510
the-perks-of-being-a-wallflower,19311
anna-karenina-2012,36588
frances-ha,5656
lawless,53333
paranorman,58897
paranorman,154705
ruby-sparks,16959
ruby-sparks,16960
the-amazing-spider-man,87742
moonrise-kingdom,5655
this-means-war,36425
young-adult,52443
the-twilight-saga-breaking-dawn-part-1,15557
the-muppets,26205
the-ides-of-march,1461
harry-potter-and-the-deathly-hallows-part-2,11343
x-men-first-class,957
drive-2011,21183
sucker-punch,15217
harry-potter-and-the-deathly-hallows-part-1,11343
the-social-network,7467
the-kings-speech,70500
black-swan,6431
inception,525
the-twilight-saga-eclipse,27571
alice-in-wonderland-2010,510
percy-jackson-the-olympians-the-lightning-thief,10965
the-twilight-saga-new-moon,3288
fantastic-mr-fox,5655
zombieland,91268
jennifers-body,54025
harry-potter-and-the-half-blood-prince,11343
inglourious-basterds,138
star-trek,15344
coraline,57646
twilight-2008,19850
burn-after-reading,1223
burn-after-reading,1224
the-dark-knight,525
the-chronicles-of-narnia-prince-caspian,5524
there-will-be-blood,4762
juno,52443
atonement,36588
harry-potter-and-the-order-of-the-phoenix,11343
pirates-of-the-caribbean-at-worlds-end,1704
zodiac,7467
happy-feet,20629
casino-royale-2006,10702
the-departed,1032
pirates-of-the-caribbean-dead-mans-chest,1704
marie-antoinette-2006,1769
half-nelson,53068
little-miss-sunshine,16959
little-miss-sunshine,16960
the-chronicles-of-narnia-the-lion-the-witch-and-the-wardrobe,5524
harry-potter-and-the-goblet-of-fire,10723
pride-prejudice,36588
corpse-bride,510
corpse-bride,34891
brokeback-mountain,1614
the-aviator,1032
harry-potter-and-the-prisoner-of-azkaban,11218
shaun-of-the-dead,11090
eternal-sunshine-of-the-spotless-mind,201
the-lord-of-the-rings-the-return-of-the-king,108
pirates-of-the-caribbean-the-curse-of-the-black-pearl,1704
the-lord-of-the-rings-the-two-towers,108
harry-potter-and-the-chamber-of-secrets,10965
star-wars-episode-ii-attack-of-the-clones,1
bend-it-like-beckham,6220
the-lord-of-the-rings-the-fellowship-of-the-ring,108
harry-potter-and-the-philosophers-stone,10965
the-royal-tenenbaums,5655
the-devils-backbone,10828
moulin-rouge-2001,6201
american-psycho,16378
sleepy-hollow,510
fight-club,7467
star-wars-episode-i-the-phantom-menace,1
10-things-i-hate-about-you,40243
rushmore,5655
romeo-juliet-1996,6201
se7en,7467
clueless,57434
before-sunrise,564
little-women-1994,58094
dead-poets-society,2690
ferris-buellers-day-off,11505
the-outsiders,1776
blade-runner,578
the-shining,240
suspiria,4955
taxi-driver,1032
the-godfather-part-ii,1776
the-godfather,1776
willy-wonka-the-chocolate-factory,3451
the-umbrellas-of-cherbourg,24882
the-sword-in-the-stone,57314
psycho,2636
north-by-northwest,2636
rear-window,2636
dial-m-for-murder,2636
stagecoach,8500
the-kid,13848
the-old-guard-2020,71947
da-5-bloods,5281
bombshell-2019,6737
jumanji-the-next-level,51851
terminator-dark-fate,55252
el-camino-a-breaking-bad-movie,66633
between-two-ferns-the-movie,162371
dolemite-is-my-name,53267
uncut-gems,129561
uncut-gems,227564
portrait-of-a-lady-on-fire,68813
john-wick-chapter-3-parabellum,40644
yesterday-2019,2034
the-old-man-the-gun,592493
the-favourite,122423
tag-2018,1341472
solo-a-star-wars-story,6159
avengers-infinity-war,19271
avengers-infinity-war,19272
ready-player-one,488
game-night,52935
game-night,1236679
annihilation,2036
sorry-to-bother-you,930526
phantom-thread,4762
star-wars-the-last-jedi,67367
jumanji-welcome-to-the-jungle,51851
thor-ragnarok,55934
the-snowman-2017,74396
battle-of-the-sexes-2017,16959
battle-of-the-sexes-2017,16960
brawl-in-cell-block-99,1018106
spider-man-homecoming,1293994
guardians-of-the-galaxy-vol-2,15218
the-disaster-artist,17051
atomic-blonde,40684
the-boss-baby,18864
logan-2017,366
john-wick-chapter-2,40644
rogue-one-a-star-wars-story,19242
rogue-one-a-star-wars-story,129894
allied,24
doctor-strange-2016,55499
free-fire,137467
kubo-and-the-two-strings,1033661
suicide-squad-2016,19769
ghostbusters-2016,116805
colossal-2016,118303
hell-or-high-water,3055
captain-america-civil-war,19271
captain-america-civil-war,19272
batman-v-superman-dawn-of-justice,15217
midnight-special,71872
hail-caesar-2016,1223
hail-caesar-2016,1224
swiss-army-man,1317730
swiss-army-man,1383612
the-hateful-eight,138
the-big-short,55710
ant-man,59026
terminator-genisys,47005
mad-max-fury-road,20629
avengers-age-of-ultron,12891
chappie,82194
john-wick,40644
john-wick,40684
inherent-vice,4762
guardians-of-the-galaxy,15218
lucy-2014,59
22-jump-street,107446
22-jump-street,155267
foxcatcher,5345
godzilla-2014,129894
captain-america-the-winter-soldier,19271
captain-america-the-winter-soldier,19272
neighbors-2014,52934
the-wolf-of-wall-street,1032
her,5953
under-the-skin-2013,66728
snowpiercer,21684
oz-the-great-and-powerful,7623
gangster-squad,91268
movie-43,2171
movie-43,7396
movie-43,9281
movie-43,15218
movie-43,32593
movie-43,11091
movie-43,52112
movie-43,141825
movie-43,938681
movie-43,938682
movie-43,1272994
movie-43,1579630
django-unchained,138
lincoln,488
wreck-it-ralph,165787
skyfall,39
the-master-2012,4762
the-dark-knight-rises,525
ted,52139
the-avengers-2012,12891
21-jump-street,107446
21-jump-street,155267
the-girl-with-the-dragon-tattoo-2011,7467
sherlock-holmes-a-game-of-shadows,956
haywire,1884
moneyball,5345
thor,11181
the-green-hornet,201
true-grit-2010,1223
true-grit-2010,1224
due-date,57130
easy-a,82511
scott-pilgrim-vs-the-world,11090
toy-story-3,8
certified-copy,119294
sherlock-holmes-2009,956
avatar,2710
where-the-wild-things-are,5953
the-invention-of-lying,17835
the-invention-of-lying,1551346
public-enemies-2009,638
the-hangover,57130
up,12890
adventureland,54733
i-love-you-man,17871
watchmen,15217
in-the-loop,88926
the-curious-case-of-benjamin-button,7467
synecdoche-new-york,202
tropic-thunder,7399
pineapple-express,64141
ponyo,608
walle,7
get-smart,13426
speed-racer,9339
speed-racer,9340
cloverfield,32278
walk-hard-the-dewey-cox-story,51851
the-darjeeling-limited,5655
the-assassination-of-jesse-james-by-the-coward-robert-ford,37618
superbad,54733
hot-rod,62854
the-simpsons-movie,197
ratatouille,7087
death-proof,138
no-country-for-old-men,1223
no-country-for-old-men,1224
spider-man-3,7623
planet-terror,2294
grindhouse,2294
grindhouse,138
grindhouse,11090
grindhouse,16847
grindhouse,16848
hot-fuzz,11090
the-prestige,525
stranger-than-fiction-2006,12995
talladega-nights-the-ballad-of-ricky-bobby,55710
clerks-ii,19303
inside-man,5281
king-kong-2005,108
the-40-year-old-virgin,41039
star-wars-episode-iii-revenge-of-the-sith,1
the-life-aquatic-with-steve-zissou,5655
sideways,13235
anchorman-the-legend-of-ron-burgundy,55710
the-notebook,11151
spider-man-2,7623
dodgeball-a-true-underdog-story,57633
kill-bill-vol-2,138
kung-fu-hustle,57607
before-sunset,564
the-matrix-revolutions,9339
the-matrix-revolutions,9340
elf,15277
kill-bill-vol-1,138
elephant-2003,5216
lost-in-translation,1769
the-room,81916
the-matrix-reloaded,9339
the-matrix-reloaded,9340
catch-me-if-you-can-2002,488
adaptation,5953
equilibrium,13927
die-another-day,7256
jackass-the-movie,56578
punch-drunk-love,4762
oceans-eleven-2001,1884
jay-and-silent-bob-strike-back,19303
spirited-away,608
mulholland-drive,5602
wet-hot-american-summer,22214
cast-away,24
how-the-grinch-stole-christmas-2000,6159
best-in-show,13524
o-brother-where-art-thou,1223
in-the-mood-for-love,12453
crouching-tiger-hidden-dragon,1614
gladiator-2000,578
man-on-the-moon,3974
the-world-is-not-enough,10781
dogma,19303
toy-story-2,7879
american-beauty,39
being-john-malkovich,5953
the-iron-giant,7087
wild-wild-west,5174
big-daddy,17494
election,13235
the-matrix,9339
the-matrix,9340
office-space,17403
a-bugs-life,7879
armageddon,865
out-of-sight,1884
the-truman-show,2690
fear-and-loathing-in-las-vegas,280
godzilla-1998,6046
lock-stock-and-two-smoking-barrels,956
the-big-lebowski,1223
tomorrow-never-dies,1724
jackie-brown,138
boogie-nights,4762
the-game,7467
face-off,11401
batman-robin,5572
the-fifth-element,59
chasing-amy,19303
scream,5140
independence-day,6046
the-cable-guy,7399
twister,2209
the-craft,41549
fargo,1223
bottle-rocket-1996,5655
happy-gilmore,17494
heat-1995,638
goldeneye,10702
toy-story,7879
mallrats,19303
to-die-for,5216
kids,51917
batman-forever,5572
billy-madison,57691
clerks,19303
natural-born-killers,1152
pulp-fiction,138
chungking-express,12453
dazed-and-confused,564
the-age-of-innocence,1032
the-fugitive-1993,12989
robin-hood-men-in-tights,14639
jurassic-park,488
groundhog-day,1524
army-of-darkness,7623
glengarry-glen-ross,15890
a-league-of-their-own,14911
twin-peaks-fire-walk-with-me,5602
hard-boiled,11401
waynes-world,58448
reservoir-dogs,138
jfk,1152
terminator-2-judgment-day,2710
the-silence-of-the-lambs,16294
the-godfather-part-iii,1776
rocky-v,16513
home-alone,10965
millers-crossing,1223
goodfellas,1032
twin-peaks,5602
sex-lies-and-videotape,1884
kikis-delivery-service,608
licence-to-kill,10179
batman-1989,510
ghostbusters-ii,8858
the-last-temptation-of-christ,1032
midnight-run,769
akira,185
akira,110684
die-hard,1090
who-framed-roger-rabbit,24
my-neighbor-totoro,608
beetlejuice,510
the-running-man,12988
the-princess-bride,3026
robocop,10491
the-living-daylights,10179
spaceballs,14639
the-untouchables,1150
evil-dead-ii,7623
raising-arizona,1223
manhunter,638
police-story,18897
pee-wees-big-adventure,510
back-to-the-future,24
ran,5026
a-view-to-a-kill,10179
mishima-a-life-in-four-chapters,1035
the-breakfast-club,11505
the-terminator,2710
ghostbusters,8858
this-is-spinal-tap,3026
repo-man,31493
scarface-1983,1150
trading-places,4610
return-of-the-jedi,19800
tootsie,2226
tron,12859
the-evil-dead,7623
raiders-of-the-lost-ark,488
escape-from-new-york,11770
thief,638
raging-bull,1032
the-blues-brothers,4610
the-empire-strikes-back,10930
all-that-jazz,66777
moonraker,10076
stalker,8452
house,132305
the-spy-who-loved-me,10076
sorcerer,15175
star-wars,1
eraserhead,5602
carrie-1976,1150
network,39996
all-the-presidents-men,6349
barry-lyndon,240
jaws,488
nashville,9789
jeanne-dielman-23-quai-du-commerce-1080-bruxelles,130030
monty-python-and-the-holy-grail,280
monty-python-and-the-holy-grail,10707
the-man-with-the-golden-gun,9915
blazing-saddles,14639
badlands,30715
the-long-goodbye,9789
solaris,8452
a-clockwork-orange,240
diamonds-are-forever,9915
the-french-connection,15175
the-last-picture-show,39012
mccabe-mrs-miller,9789
mash,9789
on-her-majestys-secret-service,9868
the-wild-bunch,7767
midnight-cowboy,19304
easy-rider,2778
2001-a-space-odyssey,240
playtime,5763
the-producers,14639
le-samourai,3831
bonnie-and-clyde,6448
you-only-live-twice,10076
thunderball,9855
goldfinger,9915
band-of-outsiders,3776
a-hard-days-night,10586
dr-strangelove-or-how-i-learned-to-stop-worrying-and-love-the-bomb,240
from-russia-with-love,9855
the-great-escape,14520
the-birds,2636
dr-no,9855
cleo-from-5-to-7,6817
yojimbo,5026
spartacus,240
breathless,3776
hiroshima-mon-amour,11983
some-like-it-hot,3146
touch-of-evil,40
sweet-smell-of-success,14566
12-angry-men,39996
throne-of-blood,5026
the-killing,240
the-night-of-the-hunter,10921
rififi,14227
godzilla,18598
seven-samurai,5026
ikiru,5026
all-about-eve,10601
rashomon,5026
the-third-man,15378
bicycle-thieves,12329
its-a-wonderful-life,2662
the-big-sleep,11435
notorious,2636
brief-encounter,12238
double-indemnity,3146
cat-people,10146
casablanca,4109
citizen-kane,40
his-girl-friday,11435
the-wizard-of-oz-1939,9049
the-39-steps,2636
it-happened-one-night,2662
duck-soup-1933,30008
m,68
the-passion-of-joan-of-arc,11572
judy-2019,150098
waves-2019,1423660
ad-astra-2019,20561
a-hidden-life-2019,30715
guava-island,1199903
the-last-black-man-in-san-francisco,1774394
the-lego-movie-2-the-second-part,64151
the-grinch,20503
the-grinch,61300
ralph-breaks-the-internet,165787
ralph-breaks-the-internet,567562
mid90s,21007
roma-2018,11218
ant-man-and-the-wasp,59026
burning-2018,96657
blackkklansman,5281
isle-of-dogs-2018,5655
leave-no-trace,121873
blindspotting,1932178
the-post-2017,488
bright,19769
the-greatest-showman,1276373
wonder-2017,19311
coco-2017,8
the-lego-ninjago-movie,934181
the-lego-ninjago-movie,1218988
the-lego-ninjago-movie,1767030
mollys-game,13520
first-reformed,1035
war-for-the-planet-of-the-apes,32278
despicable-me-3,8023
despicable-me-3,124747
you-were-never-really-here,83287
the-florida-project,118415
alien-covenant,578
life-2017,125738
beauty-and-the-beast-2017,15557
the-lego-batman-movie,144816
a-ghost-story-2017,592493
thoroughbreds-2017,1620987
silence,1032
patriots-day,36602
the-accountant-2016,77003
trolls,64151
trolls,118489
the-girl-on-the-train-2016,55789
hacksaw-ridge,2461
moonlight-2016,92784
jason-bourne,25598
finding-dory,7
zootopia,76595
zootopia,165787
kung-fu-panda-3,142312
kung-fu-panda-3,1262481
manchester-by-the-sea,30711
the-revenant-2015,223
the-good-dinosaur,21198
the-peanuts-movie,71729
bridge-of-spies,488
the-martian,578
room-2015,83281
macbeth-2015,549310
mission-impossible-rogue-nation,9033
the-lobster,122423
minions,8023
minions,124747
inside-out-2015,12890
jurassic-world,930707
the-age-of-adaline,109745
mistress-america,5656
the-end-of-the-tour,930710
unbroken,11701
the-hobbit-the-battle-of-the-five-armies,108
american-sniper,190
a-most-violent-year,556172
big-hero-6,70238
big-hero-6,227439
while-were-young,5656
birdman-or-the-unexpected-virtue-of-ignorance,223
the-giver,13015
dawn-of-the-planet-of-the-apes,32278
lost-river,30614
noah,6431
the-lego-movie,107446
the-lego-movie,155267
non-stop-2014,59521
the-guest-2014,98631
lone-survivor,36602
the-secret-life-of-walter-mitty-2013,7399
the-hobbit-the-desolation-of-smaug,108
frozen-2013,15774
frozen-2013,1120694
thor-the-dark-world,47005
enders-game,13079
saving-mr-banks,54040
12-years-a-slave,72757
locke,23227
pacific-rim,10828
white-house-down,6046
despicable-me-2,124747
despicable-me-2,124748
monsters-university,225976
now-you-see-me,18865
nebraska,13235
olympus-has-fallen,20907
the-croods,66193
the-croods,71267
the-kings-of-summer,236539
the-spectacular-now,930710
jack-reacher,9033
zero-dark-thirty,14392
the-hobbit-an-unexpected-journey,108
argo,880
end-of-watch,19769
hotel-transylvania,185438
silver-linings-playbook,17883
the-place-beyond-the-pines,139098
premium-rush,508
the-bourne-legacy,19242
diary-of-a-wimpy-kid-dog-days,33183
ice-age-continental-drift,71729
ice-age-continental-drift,229962
brave-2012,59803
brave-2012,126638
madagascar-3-europes-most-wanted,12080
madagascar-3-europes-most-wanted,18863
madagascar-3-europes-most-wanted,18864
snow-white-and-the-huntsman,228134
prometheus,578
the-lorax-2012,8023
the-lorax-2012,124748
chronicle,934803
mission-impossible-ghost-protocol,7087
hugo,1032
rise-of-the-planet-of-the-apes,77357
the-smurfs,1215
captain-america-the-first-avenger,4945
transformers-dark-of-the-moon,865
mr-poppers-penguins,54050
green-lantern,10702
super-8,15344
kung-fu-panda-2,142312
the-tree-of-life-2011,30715
fast-five,58189
rio-2011,5714
diary-of-a-wimpy-kid-rodrick-rules,33183
limitless,17329
a-separation,229931
gnomeo-juliet,12079
tron-legacy,86270
tangled-2010,76595
tangled-2010,121830
megamind,18864
red-2010,57270
buried,95320
the-town,880
incendies,137427
salt-2010,13015
despicable-me,124747
despicable-me,124748
the-a-team,40223
shrek-forever-after,64151
iron-man-2,15277
diary-of-a-wimpy-kid,109857
how-to-train-your-dragon,66193
how-to-train-your-dragon,69797
alvin-and-the-chipmunks-the-squeakquel,31024
the-princess-and-the-frog,15810
the-princess-and-the-frog,15811
the-blind-side,54040
a-christmas-carol-2009,24
cloudy-with-a-chance-of-meatballs,107446
cloudy-with-a-chance-of-meatballs,155267
district-9,82194
g-force,84851
ice-age-dawn-of-the-dinosaurs,5714
x-men-origins-wolverine,13079
monsters-vs-aliens,12080
monsters-vs-aliens,65630
paul-blart-mall-cop,52112
valkyrie,9032
bedtime-stories,20739
gran-torino,190
bolt,70238
bolt,76595
quantum-of-solace,12995
madagascar-escape-2-africa,18863
madagascar-escape-2-africa,18864
high-school-musical-3-senior-year,65310
the-hurt-locker,14392
step-brothers,55710
the-incredible-hulk,18865
kung-fu-panda,57741
kung-fu-panda,57742
iron-man-2008,15277
horton-hears-a-who-2008,8029
horton-hears-a-who-2008,71729
national-treasure-book-of-secrets,12962
alvin-and-the-chipmunks,49903
bee-movie,44113
bee-movie,44114
high-school-musical-2,65310
the-bourne-ultimatum,25598
transformers,865
fantastic-four-rise-of-the-silver-surfer,20400
evan-almighty,4499
shrek-the-third,12098
meet-the-robinsons,16842
deja-vu,893
flushed-away,33183
flushed-away,58897
ice-age-the-meltdown,5714
cars,7879
hoodwinked,61373
hoodwinked,61371
hoodwinked,61372
chicken-little-2005,61411
jarhead,39
sky-high-2005,64151
charlie-and-the-chocolate-factory,510
the-adventures-of-sharkboy-and-lavagirl,2294
batman-begins,525
madagascar,18863
madagascar,18864
robots,5713
hitch-2005,17167
brick,67367
national-treasure,12962
the-incredibles,7087
the-polar-express,24
the-bourne-supremacy,25598
a-cinderella-story,68770
shrek-2,5524
shrek-2,12079
shrek-2,12080
troy,5231
ella-enchanted,62514
primer,76624
the-cat-in-the-hat-2003,5133
brother-bear,61952
brother-bear,61949
mystic-river,190
freaky-friday-2003,54050
spy-kids-3-d-game-over,2294
the-italian-job-2003,37932
finding-nemo,7
the-santa-clause-2,15045
lilo-stitch,66193
lilo-stitch,69797
the-bourne-identity-2002,11694
the-pianist,3556
insomnia-2002,525
spider-man,7623
ice-age,5713
monsters-inc,12890
jurassic-park-iii,4945
shrek,5524
shrek,12058
spy-kids,2294
the-emperors-new-groove,61411
remember-the-titans,52358
memento,525
bring-it-on,59026
the-patriot-2000,6046
dinosaur,65855
dinosaur,65856
the-green-mile,4027
notting-hill,7017
the-prince-of-egypt,21879
the-prince-of-egypt,44113
the-prince-of-egypt,59803
the-parent-trap-1998,17698
saving-private-ryan,488
mulan,66190
mulan,66191
good-will-hunting,5216
air-force-one,5231
hercules-1997,15810
hercules-1997,15811
the-lost-world-jurassic-park,488
jerry-maguire,11649
the-rock,865
mission-impossible,1150
apollo-13,6159
casper,11887
the-usual-suspects,9032
the-santa-clause,58072
the-shawshank-redemption,4027
the-lion-king,15812
the-lion-king,18898
mrs-doubtfire,10965
the-sandlot,69741
aladdin,15810
aladdin,15811
home-alone-2-lost-in-new-york,10965
alien-3,7467
national-lampoons-christmas-vacation,34682
honey-i-shrunk-the-kids,4945
the-naked-gun-from-the-files-of-police-squad,12987
planes-trains-and-automobiles,11505
stand-by-me,3026
aliens,2710
the-great-mouse-detective,15810
the-great-mouse-detective,15811
the-great-mouse-detective,61677
the-great-mouse-detective,61678
top-gun,893
rocky-iv,16483
come-and-see,93406
the-goonies,7187
blood-simple,1223
a-christmas-story-1983,12698
et-the-extra-terrestrial,488
alien,578
apocalypse-now,1776
chinatown,3556
robin-hood,57314
once-upon-a-time-in-the-west,4385
the-jungle-book,57314
the-good-the-bad-and-the-ugly,4385
andrei-rublev,8452
persona,6648
for-a-few-dollars-more,4385
a-charlie-brown-christmas,94011
the-sound-of-music,1744
rudolph-the-red-nosed-reindeer,144977
a-fistful-of-dollars,4385
mary-poppins,5834
8-half,4415
to-kill-a-mockingbird,8482
jules-and-jim,1650
west-side-story,1744
west-side-story,18868
the-400-blows,1650
vertigo,2636
paths-of-glory,240
the-seventh-seal,6648
on-the-waterfront,2746
sunset-boulevard,3146
late-spring,95501
the-red-shoes,37846
the-red-shoes,68424
dumbo,11426
the-maltese-falcon-1941,6593
pinocchio,11426
pinocchio,11429
un-chien-andalou,793
eurovision-song-contest-the-story-of-fire-saga,42994
sonic-the-hedgehog,93364
doctor-sleep,551463
rambo-last-blood,589402
color-out-of-space,42175
hair-love,23684
hair-love,587970
hair-love,1779942
hair-love,2613838
crawl-2019,59291
ma-2019,55789
the-dead-dont-die-2019,4429
the-hustle-2019,91493
aladdin-2019,956
pet-sematary-2019,1154561
pet-sematary-2019,1290272
the-art-of-self-defense-2019,1198724
the-beach-bum,51918
cold-pursuit,95972
extremely-wicked-shockingly-evil-and-vile,69237
serenity-2019,23227
kitbull,2213046
the-kid-who-would-be-king,155531
glass-2019,11614
dumplin,29214
bumblebee,1033661
mary-poppins-returns,17633
the-christmas-chronicles,1281387
bird-box,1011
bohemian-rhapsody,9032
overlord-2018,1299642
her-smell,1044255
high-life-2018,9888
if-beale-street-could-talk,92784
halloween-2018,64141
gloria-bell,1142171
the-nightingale-2018,164554
greta-2018,17016
outlaw-king,3055
the-house-with-a-clock-in-its-walls,16847
the-predator,1108
dragged-across-concrete,1018106
the-sisters-brothers,17496
can-you-ever-forgive-me,177532
suspiria-2018,78160
boy-erased,33192
a-star-is-born-2018,51329
destroyer-2018,54025
the-ballad-of-buster-scruggs,1223
the-ballad-of-buster-scruggs,1224
the-happytime-murders,65298
the-meg,12962
christopher-robin,12995
the-equalizer-2,20907
skyscraper-2018,57633
hotel-transylvania-3-summer-vacation,185438
teen-titans-go-to-the-movies,1719706
teen-titans-go-to-the-movies,1903167
jurassic-world-fallen-kingdom,51894
incredibles-2,7087
hotel-artemis,1239407
under-the-silver-lake,558929
the-house-that-jack-built-2018,42
shoplifters,25645
the-kissing-booth,1066705
border-2018,1574550
bao-2018,2009739
pacific-rim-uprising,1213074
upgrade,2128
a-wrinkle-in-time-2018,929825
hearts-beat-loud,932759
a-futile-and-stupid-gesture,22214
the-guilty-2018,1923202
colette-2018,82337
mandy-2018,1044250
the-kindergarten-teacher-2018,1279519
searching-2018,1932296
summer-of-84,585933
summer-of-84,585934
summer-of-84,1397786
all-the-money-in-the-world,578
what-did-jack-do,5602
paddington-2,101666
the-babysitter-2017,36425
ghost-stories-2017,22810
ghost-stories-2017,173298
last-flag-flying,564
1922-2017,1323509
anna-and-the-apocalypse,1756398
geralds-game,551463
the-wife-2017,93237
revenge-2017-1,1607016
mom-and-dad-2017,20192
the-death-of-stalin,88926
mother-2017,6431
three-billboards-outside-ebbing-missouri,54472
darkest-hour,36588
the-shape-of-water,10828
valerian-and-the-city-of-a-thousand-planets,59
the-beguiled-2017,1769
the-square-2017,56370
baywatch,71600
my-friend-dahmer,557383
ghost-in-the-shell-2017,228134
super-dark-times,939027
brigsby-bear,1640646
call-me-by-your-name,78160
wind-river-2017,1215399
ingrid-goes-west,970777
i-dont-feel-at-home-in-this-world-anymore,209513
the-little-hours,17884
why-him,17871
better-watch-out,567933
the-void-2016,1037999
the-void-2016,1038001
the-founder,54040
jackie-2016,225009
bad-moms,52114
bad-moms,226089
piper,8012
popstar-never-stop-never-stopping,62854
popstar-never-stop-never-stopping,62863
elle,10491
my-life-as-a-zucchini,588869
raw-2016,1392433
toni-erdmann,40476
dont-think-twice,113373
the-love-witch,119624
hunt-for-the-wilderpeople,55934
bone-tomahawk,1018106
high-rise-2015,137467
fifty-shades-of-grey,1137903
paddington,101666
love-mercy,46588
what-we-do-in-the-shadows,55934
what-we-do-in-the-shadows,55936
the-skeleton-twins,303056
frank-2014,83281
filth,76965
dredd,43141
spring-breakers,51918
youre-next,98631
bernie-2011,564
just-go-with-it,17494
no-strings-attached,8858
gullivers-travels-2010,65630
black-dynamite,92657
i-love-you-phillip-morris,56411
i-love-you-phillip-morris,56412
yes-man,59026
trick-r-treat,11012
ghost-rider,16837
apocalypto,2461
idiocracy,17403
christmas-with-the-kranks,18311
the-ring-2002,1704
not-another-teen-movie,57604
zoolander,7399
amelie,2419
ginger-snaps,43
audition,17282
youve-got-mail,9248
buffalo-66,22461
alien-resurrection,2419
starship-troopers,10491
the-devils-advocate,18596
cube,5877
anaconda,26648
lost-highway,5602
jingle-all-the-way,13581
escape-from-la,11770
showgirls,10491
mortal-kombat,4014
the-mask-1994,26713
true-lies,2710
forrest-gump,24
in-the-mouth-of-madness,11770
ace-ventura-pet-detective,4499
last-action-hero,1090
death-becomes-her,24
basic-instinct,10491
bill-teds-bogus-journey,18357
point-break,14392
my-own-private-idaho,5216
kindergarten-cop,8858
predator-2,2042
childs-play-2,65678
wild-at-heart,5602
teenage-mutant-ninja-turtles,18308
tremors,33485
tetsuo-the-iron-man,58608
tetsuo-the-iron-man,126452
society,27992
bill-teds-excellent-adventure,18356
childs-play,64796
heathers,7145
killer-klowns-from-outer-space,80247
moonstruck,13563
prince-of-darkness,11770
dirty-dancing,716
the-lost-boys,5572
predator,1090
fatal-attraction,7270
little-shop-of-horrors,7908
henry-portrait-of-a-serial-killer,9200
blue-velvet,5602
big-trouble-in-little-china,11770
chopping-mall,98132
clue,21217
the-return-of-the-living-dead,5045
dune,5602
body-double,1150
indiana-jones-and-the-temple-of-doom,488
footloose,18378
the-slumber-party-massacre,21371
creepshow,14999
halloween-iii-season-of-the-witch,11777
first-blood,16544
friday-the-13th-part-iii,58712
halloween-ii-1981,33341
blow-out,1150
possession,32082
friday-the-13th-part-2,58712
the-fog,11770
life-of-brian,10707
phantasm,58245
the-warriors,1723
invasion-of-the-body-snatchers-1978,648
halloween-1978,11770
saturday-night-fever,12840
black-christmas,12698
the-wicker-man,80261
mean-streets,1032
the-holy-mountain,55119
duel,488
the-devils,32327
batman-1966,27728
lolita,240
lady-and-the-tramp,11429
lady-and-the-tramp,11434
lady-and-the-tramp,64864
the-great-dictator,13848
bad-boys-for-life,1399841
bad-boys-for-life,1399842
underwater-2020,125324
the-grudge-2020,1545927
dolittle,2945
richard-jewell,190
scary-stories-to-tell-in-the-dark-2019,135113
fast-furious-presents-hobbs-shaw,40684
wine-country,56322
the-mule-2018,190
the-other-side-of-the-wind,40
death-wish-2018,16847
unsane,1884
early-man,7314
murder-on-the-orient-express-2017,11181
justice-league,15217
happy-death-day,54248
transformers-the-last-knight,865
the-book-of-henry,930707
the-mummy-2017,15345
the-rider,1395183
wonder-woman-2017,6884
the-great-wall-2016,607
miss-peregrines-home-for-peculiar-children,510
the-night-before-2015,56661
cosmopolis,224
uncle-boonmee-who-can-recall-his-past-lives,69759
orphan,59521
inland-empire,5602
the-wicker-man-2006,58689
nacho-libre,53925
thank-you-for-smoking,52443
team-america-world-police,34517
looney-tunes-back-in-action,4600
freddy-vs-jason,17268
charlies-angels-full-throttle,36425
memories-of-murder,21684
anger-management,13426
gangs-of-new-york-2002,1032
halloween-resurrection,33341
black-hawk-down,578
scary-movie-2,35689
donnie-darko,1577
unbreakable,11614
bringing-out-the-dead,1032
the-mummy-1999,7775
the-thin-red-line,30715
rush-hour,11091
scream-2,5140
hard-eight,4762
falling-down,5572
pretty-woman,1201
do-the-right-thing,5281
scrooged,7187
dead-ringers,224
coming-to-america,4610
good-morning-vietnam,8246
the-texas-chainsaw-massacre-2,10051
commando,67753
day-of-the-dead,14999
the-meaning-of-life-1983,280
the-meaning-of-life-1983,10707
the-king-of-comedy,1032
the-thing,11770
an-american-werewolf-in-london,4610
inferno-1980,4955
lupin-the-third-the-castle-of-cagliostro,608
dawn-of-the-dead,14999
animal-house,4610
jaws-2,16187
salo-or-the-120-days-of-sodom,5970
the-texas-chain-saw-massacre,10051
a-woman-under-the-influence,11147
ali-fear-eats-the-soul,2725
the-discreet-charm-of-the-bourgeoisie,793
charade,13284
contempt,3776
winter-light,6648
vivre-sa-vie,3776
ivans-childhood,8452
eyes-without-a-face,37302
tokyo-story,95501
gentlemen-prefer-blondes,11435
singin-in-the-rain,13284
singin-in-the-rain,13294
in-a-lonely-place,2765
rope,2636
detour,5030
modern-times,13848
the-bride-of-frankenstein,2917
vampyr,11572
freaks,1496
dracula,1496
city-lights,13848
the-gold-rush,13848
sherlock-jr,8635
safety-last,143385
safety-last,143561
nosferatu,9076
scoob,23683
onward-2020,225976
horse-girl-2020,17884
goldman-v-silverman,129561
goldman-v-silverman,227564
cats-2019,70500
tall-girl,1744211
vivarium,1284692
anima-2019,4762
murder-mystery,1254001
stuber,71280
happy-death-day-2u,54248
paddleton,1049745
the-souvenir,105435
the-perfection,44740
in-fabric,583857
vox-lux,55493
at-eternitys-gate,7482
cam,2020100
hannah-gadsby-nanette,1145621
hannah-gadsby-nanette,2026559
knife-heart,1172229
climax-2018,14597
cold-war-2018,64194
deadpool-2,40684
rampage-2018,132876
thunder-road-2018,1416383
love-simon,88967
peter-rabbit,82511
jigsaw-2017,56501
jigsaw-2017,56502
creep-2,1155547
the-emoji-movie,89112
captain-underpants-the-first-epic-movie,94075
cars-3,1443386
pirates-of-the-caribbean-dead-men-tell-no-tales,20307
pirates-of-the-caribbean-dead-men-tell-no-tales,20308
the-meyerowitz-stories-new-and-selected,5656
it-comes-at-night,1423660
the-endless,583479
the-endless,1074560
the-fate-of-the-furious,37932
kong-skull-island,236539
t2-trainspotting,2034
assassins-creed,549310
resident-evil-the-final-chapter,4014
moana-2016,15810
moana-2016,15811
fantastic-beasts-and-where-to-find-them,11343
split-2016,11614
blue-jay-2016,1049745
sing-2016,52842
the-girl-with-all-the-gifts,1231927
the-purge-election-year,53120
the-shallows,59521
the-neon-demon,21183
american-honey,71082
the-handmaiden,10099
the-angry-birds-movie,52701
the-angry-birds-movie,1281387
the-jungle-book-2016,15277
sausage-party,12080
sausage-party,142587
hush-2016,551463
grimsby,18865
deadpool,55252
spectre-2015,39
steve-jobs,2034
anomalisa,202
anomalisa,1019303
fantastic-four,11092
fantastic-four,934803
fantastic-four,2694134
pixels-2015,10965
love-2015,14597
tomorrowland,7087
furious-7,2127
home-2015,52870
the-invitation-2015,54025
the-overnight,1155547
tangerine,118415
world-of-tomorrow,109314
night-at-the-museum-secret-of-the-tomb,17825
dumb-and-dumber-to,7395
dumb-and-dumber-to,7396
lava-2014,8039
the-equalizer,20907
the-maze-runner,1179066
heaven-knows-what,129561
heaven-knows-what,227564
lets-be-cops,65734
the-one-i-love-2014,82226
teenage-mutant-ninja-turtles-2014,66739
unfriended,86688
the-purge-anarchy,53120
maleficent,1032536
mommy-2014,143593
a-million-ways-to-die-in-the-west,52139
it-follows,558929
need-for-speed,293911
creep-2014,1155547
robocop-2014,52576
the-babadook,164554
jack-ryan-shadow-recruit,11181
nymphomaniac-volume-ii,42
nymphomaniac-volume-i,42
anchorman-2-the-legend-continues,55710
oldboy-2013,5281
jackass-presents-bad-grandpa,56578
cloudy-with-a-chance-of-meatballs-2,12095
cloudy-with-a-chance-of-meatballs-2,1046494
insidious-chapter-2,2127
enemy,137427
gravity-2013,11218
the-wolverine,366
ripd,57270
kick-ass-2,55075
grown-ups-2,17494
the-worlds-end,11090
the-lone-ranger,1704
man-of-steel,15217
this-is-the-end,19274
this-is-the-end,54734
the-purge,53120
fast-furious-6,58189
oblivion-2013,86270
upstream-color,76624
trance,2034
gi-joe-retaliation,54507
fruitvale-station,1056121
rise-of-the-guardians,151007
life-of-pi,1614
pitch-perfect,168667
its-such-a-beautiful-day,109314
total-recall-2012,3950
v-h-s,40863
v-h-s,66681
v-h-s,88556
v-h-s,101542
v-h-s,98631
v-h-s,141962
v-h-s,1039527
v-h-s,1039528
v-h-s,1039529
amour,6011
the-dictator-2012,6767
battleship,36602
the-hunger-games,23964
sinister,55499
john-carter,7
ghost-rider-spirit-of-vengeance,20192
ghost-rider-spirit-of-vengeance,20193
we-bought-a-zoo,11649
jack-and-jill,17494
arthur-christmas,208113
tower-heist,11091
puss-in-boots,12098
real-steel,17825
the-raid-2011,142013
shame-2011,72757
kill-list,137467
the-help,55789
cowboys-aliens,15277
cars-2,7879
melancholia,42
we-need-to-talk-about-kevin,83287
attack-the-block,155531
pirates-of-the-caribbean-on-stranger-tides,17633
tomboy-2011,68813
hanna,36588
the-adjustment-bureau,1921
rango,1704
paul-2011,54733
take-shelter,71872
127-hours,2034
saw-3d,2150
never-let-me-go-2010,57446
insidious,2127
submarine,98103
super-2010,15218
somewhere,1769
piranha-3d,59291
grown-ups,17494
knight-and-day,366
prince-of-persia-the-sands-of-time,10723
clash-of-the-titans-2010,18865
monsters,129894
kick-ass,957
greenberg,5656
shutter-island,1032
four-lions,117794
boy-2010,55934
saw-vi,2150
2012,6046
halloween-ii,16848
gi-joe-the-rise-of-cobra,7775
bruno,6767
transformers-revenge-of-the-fallen,865
enter-the-void,14597
the-white-ribbon,6011
night-at-the-museum-battle-of-the-smithsonian,17825
i-killed-my-mother,143593
dogtooth,122423
antichrist,42
mother-2009,21684
the-human-centipede-first-sequence,118639
crank-high-voltage,20192
crank-high-voltage,20193
fast-furious,58189
mary-and-max,92733
saw-v,2679
star-wars-the-clone-wars,71538
hellboy-ii-the-golden-army,10828
journey-to-the-center-of-the-earth-2008,9622
hancock,36602
wanted-2008,23430
you-dont-mess-with-the-zohan,17494
indiana-jones-and-the-kingdom-of-the-crystal-skull,488
hunger,72757
slumdog-millionaire,2034
the-boy-in-the-striped-pyjamas,55299
jumper,11694
be-kind-rewind,201
the-golden-compass,3288
sweeney-todd-the-demon-barber-of-fleet-street-2007,510
saw-iv,2675
funny-games-2007,6011
hotel-chevalier,5655
halloween,16848
stardust-2007,957
surfs-up,12905
surfs-up,15774
oceans-thirteen,1884
blades-of-glory,60922
blades-of-glory,60923
sunshine-2007,2034
mr-beans-holiday,16356
saw-iii,2675
night-at-the-museum,17825
babel-2006,223
crank,20192
crank,20193
borat-cultural-learnings-of-america-for-make-benefit-glorious-nation-of-kazakhstan,6767
click,57370
the-fast-and-the-furious-tokyo-drift,58189
x-men-the-last-stand,11091
the-host,21684
mission-impossible-iii,15344
over-the-hedge,52845
over-the-hedge,52870
v-for-vendetta,11266
saw-ii,2675
wallace-gromit-the-curse-of-the-were-rabbit,7314
wallace-gromit-the-curse-of-the-were-rabbit,7313
the-devils-rejects,16848
the-island-2005,865
fantastic-four-2005,20400
war-of-the-worlds,488
the-longest-yard-2005,13426
cache,6011
the-hitchhikers-guide-to-the-galaxy-2005,52842
the-pacifier,20739
the-squid-and-the-whale,5656
meet-the-fockers,6737
lemony-snickets-a-series-of-unfortunate-events,11887
oceans-twelve,1884
the-spongebob-squarepants-movie,70651
layer-cake,957
hotel-rwanda,2589
shark-tale,12058
shark-tale,65629
shark-tale,65630
i-robot,21085
garfield,18357
mysterious-skin,19224
13-going-on-30,17046
hellboy,10828
scooby-doo-2-monsters-unleashed,1215
50-first-dates,13426
saw,2127
the-last-samurai,9181
oldboy,10099
school-of-rock,564
2-fast-2-furious,6482
dogville,42
bruce-almighty,4499
x2,9032
johnny-english,1230252
house-of-1000-corpses,16848
25th-hour,5281
28-days-later,2034
men-in-black-ii,5174
mr-deeds,32593
irreversible,14597
panic-room,7467
the-fast-and-the-furious-2001,18878
the-piano-teacher,6011
a-knights-tale,4723
requiem-for-a-dream,6431
meet-the-parents,6737
sexy-beast,66728
snatch,956
x-men,9032
chicken-run,7314
chicken-run,53304
amores-perros,223
for-the-birds,7883
mission-impossible-ii,11401
dancer-in-the-dark,42
final-destination,57134
the-beach,2034
galaxy-quest,15002
stuart-little,18898
magnolia,4762
but-im-a-cheerleader,59466
eyes-wide-shut,240
south-park-bigger-longer-uncut,34517
the-straight-story,5602
the-virgin-suicides,1769
the-waterboy,57370
happiness,66605
antz,18863
antz,52870
small-soldiers,4600
following,525
the-wedding-singer,57370
geris-game,7930
gummo,51918
perfect-blue,40333
men-in-black,5174
happy-together-1997,12453
funny-games,6011
liar-liar,4499
breaking-the-waves,42
trainspotting,2034
from-dusk-till-dawn,2294
twelve-monkeys,280
ace-ventura-when-nature-calls,4489
kicking-and-screaming,5656
casino,1032
dumb-and-dumber,7396
ed-wood,510
shallow-grave,2034
the-nightmare-before-christmas,57646
cool-runnings,12962
naked,65452
true-romance,893
hocus-pocus,65310
the-muppet-christmas-carol,65298
malcolm-x-1992,5281
batman-returns,510
hook,488
cape-fear-1991,1032
the-fisher-king,280
misery,3026
the-witches,14132
back-to-the-future-part-iii,24
back-to-the-future-part-ii,24
indiana-jones-and-the-last-crusade,488
full-metal-jacket,240
shes-gotta-have-it,5281
tampopo,69167
after-hours,1032
mad-max-beyond-thunderdome,20629
mad-max-beyond-thunderdome,57433
brazil,280
a-nightmare-on-elm-street,5140
the-karate-kid,16513
gremlins,4600
paris-texas,2303
nausicaa-of-the-valley-of-the-wind,608
mad-max-2,20629
the-elephant-man,5602
mad-max,20629
close-encounters-of-the-third-kind,488
the-conversation,1776
american-graffiti,1
cabaret,66777
daisies,124137
creature-from-the-black-lagoon,33883
snow-white-and-the-seven-dwarfs,5446
the-invisible-man,2917
king-kong,3238
king-kong,3239
frankenstein-1931,2917
the-great-train-robbery,44866
a-trip-to-the-moon,11523
the-half-of-it,84461
extraction-2020,1120883
last-christmas-2019,116805
klaus,124749
gemini-man-2019,1614
in-the-tall-grass-2019,5877
bad-education-2019,1620987
the-platform,2374023
the-two-popes,8557
annabelle-comes-home,1338249
men-in-black-international,37932
brightburn,1362815
hellboy-2019,57581
missing-link-2019,154705
pain-and-glory,309
good-boys-2019,84416
alita-battle-angel,2294
blinded-by-the-light-2019,6220
high-flying-bird,1884
the-report-2019,19014
late-night,1239766
vice-2018,55710
mowgli-legend-of-the-jungle,1333
creed-ii,1551545
fantastic-beasts-the-crimes-of-grindelwald,11343
the-night-comes-for-us,235430
apostle-2018,142013
hold-the-dark,74655
a-simple-favor,116805
the-first-purge,1709468
sicario-day-of-the-soldado,932533
oceans-eight,23964
blockers,208664
tomb-raider,87877
red-sparrow,10943
the-cloverfield-paradox,1301933
den-of-thieves,54868
maze-runner-the-death-cure,1179066
daddys-home-2,74619
one-cut-of-the-dead,2130029
geostorm,8676
the-ritual-2017,141962
hostiles-2017,65167
death-note-2017,98631
the-hitmans-bodyguard,143059
american-made,11694
the-dark-tower,74752
detroit,14392
the-circle-2017,930710
mudbound,472630
xxx-return-of-xander-cage,40256
passengers-2016,77965
hidden-figures,1141683
jack-reacher-never-go-back,9181
inferno-2016,6159
the-edge-of-seventeen,983909
snowden,1152
the-magnificent-seven-2016,20907
deepwater-horizon,36602
sully,190
war-dogs-2016,57130
batman-the-killing-joke-2016,90367
your-name,74091
the-legend-of-tarzan,11343
independence-day-resurgence,6046
the-secret-life-of-pets,124748
central-intelligence,57633
me-before-you,1096867
warcraft,81850
neighbors-2-sorority-rising,52934
keanu,136153
dont-breathe-2016,932248
london-has-fallen,132239
gods-of-egypt,21085
triple-9,53333
joy-2015,17883
eddie-the-eagle,974
daddys-home,74619
krampus,11012
in-the-heart-of-the-sea,6159
the-hunger-games-mockingjay-part-2,10943
hotel-transylvania-2,185438
the-intern-2015,17698
hardcore-henry,1169024
beasts-of-no-nation,87257
demolition,69371
spotlight,17867
legend-2015,4723
american-ultra,1299380
the-gift-2015-1,33192
vacation-2015,52935
vacation-2015,1236679
circle-2015,1454563
circle-2015,1454564
kung-fury,1462214
mustang-2015,1128442
green-room,74655
slow-west,1062805
get-hard,52803
southpaw-2015,20907
victoria-2015,3702
the-spongebob-movie-sponge-out-of-water,217174
knock-knock-2015,16847
the-interview-2014,19274
the-interview-2014,54734
exodus-gods-and-kings,578
horrible-bosses-2,74619
the-hunger-games-mockingjay-part-1,10943
st-vincent,1141683
a-walk-among-the-tombstones,2199
the-drop-2014,236859
pride-2014,111807
the-theory-of-everything-2014,76998
the-imitation-game,77965
sin-city-a-dame-to-kill-for,2294
sin-city-a-dame-to-kill-for,2293
the-expendables-3,143059
the-rover,114334
transcendence,559
chef,15277
300-rise-of-an-empire,78914
the-monuments-men,1461
the-raid-2,142013
american-hustle,17883
escape-plan,29605
begin-again,45117
dallas-buyers-club,69371
rush-2013,6159
about-time,7018
percy-jackson-sea-of-monsters,109857
were-the-millers,57633
elysium-2013,82194
after-earth,11614
the-hangover-part-iii,57130
blue-ruin,74655
pain-gain,865
the-conjuring,2127
a-good-day-to-die-hard,12028
the-last-stand-2013,69081
les-miserables-2012,70500
cloud-atlas,1071
cloud-atlas,9339
cloud-atlas,9340
taken-2,75035
the-impossible,51894
seven-psychopaths,54472
the-expendables-2,12786
killing-them-softly,37618
the-hunt-2012,4453
men-in-black-3,5174
american-reunion,68843
american-reunion,68844
project-x-2012,1299380
the-woman-in-black-2012,63306
the-grey,40223
the-cabin-in-the-woods,47506
the-intouchables,84425
the-intouchables,84426
the-adventures-of-tintin,488
the-thing-2011,1692687
tinker-tailor-soldier-spy,74396
warrior,77003
contagion,1884
crazy-stupid-love,56411
crazy-stupid-love,56412
horrible-bosses,71600
the-hangover-part-ii,57130
the-artist,67717
midnight-in-paris,1243
source-code,81850
the-fighter-2010,17883
the-chronicles-of-narnia-the-voyage-of-the-dawn-treader,10781
unstoppable-2010,893
troll-hunter,135113
the-expendables,16483
predators,41671
the-last-airbender,11614
the-karate-kid-2010,21981
robin-hood-2010,578
tucker-and-dale-vs-evil,52479
the-book-of-eli,11447
the-book-of-eli,11448
the-road,53333
triangle-2009,41041
a-serious-man,1223
a-serious-man,1224
up-in-the-air,52443
terminator-salvation,36425
angels-demons,6159
moon,81850
ip-man,63571
milk-2008,5216
bronson,21183
the-wrestler,6431
the-mummy-tomb-of-the-dragon-emperor,18878
mamma-mia,71068
the-happening,11614
taken,35453
in-bruges,54472
the-mist,4027
american-gangster,578
eastern-promises,224
310-to-yuma-2007,366
gone-baby-gone,880
into-the-wild,2228
live-free-or-die-hard,3950
1408,29605
300,15217
blood-diamond,9181
children-of-men,11218
the-fall,56512
pans-labyrinth,10828
miami-vice,638
the-devil-wears-prada,5065
the-da-vinci-code,6159
the-lives-of-others,8193
munich,488
walk-the-line,366
kiss-kiss-bang-bang-2005,1108
mr-mrs-smith-2005,11694
sin-city,2294
sin-city,2293
constantine,10943
million-dollar-baby,190
downfall,7832
avp-alien-vs-predator,4014
collateral,638
the-terminal,488
harold-kumar-go-to-white-castle,56591
van-helsing,7775
dawn-of-the-dead-2004,15217
the-machinist,37948
monster,6884
master-and-commander-the-far-side-of-the-world,2690
american-wedding,54584
bad-boys-ii,865
terminator-3-rise-of-the-machines,7213
red-dragon,11091
8-mile,323
hero-2002,607
road-to-perdition,39
minority-report,488
about-a-boy,3288
about-a-boy,3289
blade-ii,10828
city-of-god,8557
a-beautiful-mind,6159
the-man-who-wasnt-there-2001,1223
training-day,20907
american-pie-2,7409
rush-hour-2,11091
cats-dogs,64191
the-mummy-returns,7775
hannibal,578
battle-royale,31074
almost-famous,11649
the-insider,638
the-sixth-sense,11614
the-blair-witch-project,26849
the-blair-witch-project,26850
the-boondock-saints,54795
american-history-x,814
blade,10808
titanic-1997,2710
gattaca,8685
event-horizon,4014
princess-mononoke,608
la-confidential,323
donnie-brasco,10723
primal-fear,17812
la-haine,2406
dead-man,4429
braveheart,2461
die-hard-with-a-vengeance,1090
bad-boys-1995,865
leon-the-professional,59
speed,2209
the-crow,21085
schindlers-list,488
carlitos-way,1150
demolition-man,58838
whats-eating-gilbert-grape,5306
a-few-good-men,3026
dracula-1992,1776
the-last-of-the-mohicans-1992,638
unforgiven,190
porco-rosso,608
boyz-n-the-hood,6482
dances-with-wolves,1269
die-hard-2,16938
total-recall,10491
the-hunt-for-red-october,1090
lethal-weapon-2,7187
rain-man,8246
they-live,11770
lethal-weapon,7187
platoon,1152
the-fly-1986,224
labyrinth,55983
weird-science,11505
rambo-first-blood-part-ii,16566
beverly-hills-cop,769
the-dark-crystal,7908
the-dark-crystal,55983
airplane,3415
airplane,12936
airplane,12987
the-deer-hunter,12114
the-rescuers,57314
the-rescuers,67607
the-rescuers,69003
annie-hall,1243
rocky,16513
one-flew-over-the-cuckoos-nest,3974
dog-day-afternoon,39996
murder-on-the-orient-express,39996
the-exorcist,15175
the-sting,9577
westworld,4782
butch-cassidy-and-the-sundance-kid,9577
the-graduate,5342
cool-hand-luke,13859
high-and-low,5026
lawrence-of-arabia,12238
harakiri,76978
sanjuro,5026
the-bridge-on-the-river-kwai,12238
rebel-without-a-cause,2765
to-catch-a-thief,2636
strangers-on-a-train,2636
the-general,8635
the-general,10517
the-king-of-staten-island,41039
gretel-hansel,90609
a-beautiful-day-in-the-neighborhood,177532
just-mercy,1144604
the-laundromat-2019,1884
childs-play-2019,1480320
always-be-my-maybe-2019,1224454
i-lost-my-body,550481
bacurau,1016214
bacurau,1016229
someone-great,1721377
the-curse-of-la-llorona,1607672
escape-room-2019,1306608
how-to-train-your-dragon-the-hidden-world,69797
mortal-engines,1419579
the-hate-u-give,66121
the-nun-2018,1401474
slender-man,31119
the-spy-who-dumped-me,1302549
happy-as-lazzaro,931211
truth-or-dare-2018,55075
unfriended-dark-web,20355
support-the-girls,40864
the-strangers-prey-at-night,100734
mute-2018,81850
tully-2018,52443
the-miseducation-of-cameron-post,1285174
madelines-madeline,1033654
assassination-nation,96172
skate-kitchen,1393833
wildlife-2018,17142
the-tale,1467926
dont-worry-he-wont-get-far-on-foot,5216
private-life-2018,54240
insidious-the-last-key,1306608
disobedience-2017,1142171
suburbicon,1461
lean-on-pete,586002
veronica-2017-1,54526
thelma-2017,71609
the-house-2017,1085179
annabelle-creation,1302082
girls-trip,72024
47-meters-down,100734
hot-summer-nights,1485381
song-to-song,30715
the-discovery,82226
the-bye-bye-man,72619
a-cure-for-wellness,1704
office-christmas-party,60922
office-christmas-party,60923
ouija-origin-of-evil,551463
the-autopsy-of-jane-doe,135113
nerve-2016,142272
nerve-2016,142276
mike-and-dave-need-wedding-dates,1061773
lights-out-2016,1302082
the-red-turtle,935705
personal-shopper,21678
the-conjuring-2,2127
money-monster,1038
the-wailing,75915
the-belko-experiment,59998
everybody-wants-some,564
christine-2016,56369
the-boy-2016,62768
under-the-shadow,1262867
the-walk-2015,24
the-devils-candy,136345
the-blackcoats-daughter,90609
a-bigger-splash-2015,78160
straight-outta-compton,37932
goosebumps,65630
poltergeist-2015,57193
carol-2015,16863
krisha-2015,1423660
the-final-girls,222470
knight-of-cups,30715
jupiter-ascending,9339
jupiter-ascending,9340
cop-car,1293994
annabelle,26714
tusk-2014,19303
the-duke-of-burgundy,583857
wild-tales,591600
as-above-so-below-2014,77147
transformers-age-of-extinction,865
two-days-one-night,45138
two-days-one-night,56209
force-majeure-2014,56370
mr-peabody-sherman,18898
boyhood,564
the-voices,20659
ida,64194
curse-of-chucky,65677
coherence,146439
the-double-2013,98103
blue-jasmine,1243
sharknado,85822
the-heat,116805
evil-dead,932248
before-midnight,564
v-h-s-2,26850
v-h-s-2,27757
v-h-s-2,83858
v-h-s-2,98631
v-h-s-2,141673
v-h-s-2,142013
v-h-s-2,235430
mama-2013,1113116
this-is-40,41039
the-twilight-saga-breaking-dawn-part-2,15557
would-you-rather,543842
berberian-sound-studio,583857
the-campaign,6737
the-watch-2012,62854
holy-motors,27977
safety-not-guaranteed,930707
in-time,8685
paranormal-activity-3,142272
paranormal-activity-3,142276
carnage,3556
50-50,56661
final-destination-5,93214
30-minutes-or-less,91268
friends-with-benefits,82511
bad-teacher,51851
paranormal-activity-2,20133
machete,2294
machete,61847
i-saw-the-devil,69081
dinner-for-schmucks,6737
get-him-to-the-greek,52934
a-nightmare-on-elm-street-2010,20031
hot-tub-time-machine,3227
the-crazies-2010,52609
mr-nobody,107490
the-loved-ones,136345
valhalla-rising,21183
the-final-destination,4755
9,71923
funny-people,41039
500-days-of-summer,87742
the-bad-lieutenant-port-of-call-new-orleans,6818
the-house-of-the-devil,101542
observe-and-report,54710
drag-me-to-hell,7623
friday-the-13th-2009,29922
polytechnique,137427
an-education,1176
role-models,22214
nick-and-norahs-infinite-playlist,71548
zack-and-miri-make-a-porno,19303
the-strangers,66074
forgetting-sarah-marshall,52934
21,36797
let-the-right-one-in,74396
30-days-of-night,27571
resident-evil-extinction,52968
across-the-universe,16391
paranormal-activity,90591
knocked-up,41039
28-weeks-later,17597
rec,54525
rec,54526
disturbia,40256
once,45117
the-fountain,6431
snakes-on-a-plane,4755
superman-returns,9032
a-scanner-darkly,564
silent-hill,8296
scary-movie-4,12987
the-hills-have-eyes-2006,59291
final-destination-3,57134
a-history-of-violence,224
hostel,16847
wedding-crashers,42994
the-descent,57581
house-of-wax-2005,59521
the-grudge,20310
resident-evil-apocalypse,17649
white-chicks,35689
napoleon-dynamite,53925
the-day-after-tomorrow,6046
mean-girls,54050
the-butterfly-effect,20218
the-butterfly-effect,20219
garden-state,5367
big-fish,510
bad-santa,17447
scary-movie-3,12987
holes,12989
old-school,57130
final-destination-2,4755
cabin-fever,16847
phone-booth,5572
austin-powers-in-goldmember,6737
scooby-doo,1215
sympathy-for-mr-vengeance,10099
resident-evil,4014
vanilla-sky,11649
jason-x,69579
legally-blonde,36797
jeepers-creepers,56349
lara-croft-tomb-raider,12786
y-tu-mama-tambien,11218
pearl-harbor,865
traffic,1884
charlies-angels,36425
scary-movie-2000,35689
yi-yi,143035
high-fidelity,3224
three-kings,17883
american-pie,3288
american-pie,3289
austin-powers-the-spy-who-shagged-me,6737
the-faculty,2294
run-lola-run,1071
theres-something-about-mary,7395
theres-something-about-mary,7396
pi,6431
dark-city-1998,21085
george-of-the-jungle,54967
austin-powers-international-man-of-mystery,6737
mars-attacks,510
matilda,518
jumanji,4945
ghost-in-the-shell,12180
empire-records,55790
fallen-angels,12453
friday,37932
the-player,9789
edward-scissorhands,510
the-burbs,4600
the-vanishing,18335
cinema-paradiso,65314
grave-of-the-fireflies,628
wings-of-desire,2303
hannah-and-her-sisters,1243
re-animator,27991
the-purple-rose-of-cairo,1243
amadeus,3974
sixteen-candles,11505
videodrome,224
friday-the-13th,35475
the-brood,224
nosferatu-the-vampyre,6818
picnic-at-hanging-rock,2690
mirror,8452
deep-red,4955
serpico,39996
fantastic-planet,80260
aguirre-the-wrath-of-god,6818
rosemarys-baby,3556
repulsion,3556
carnival-of-souls,79294
the-exterminating-angel,793
la-jetee,9956
la-dolce-vita,4415
diabolique-1955,2559
alice-in-wonderland-1951,11429
alice-in-wonderland-1951,11434
alice-in-wonderland-1951,64864
sunrise-a-song-of-two-humans,9076
metropolis,68
the-lovebirds,22215
to-all-the-boys-ps-i-still-love-you,63099
frozen-ii,15774
frozen-ii,1120694
hustlers-2019,71551
the-perfect-date-2019,154547
sierra-burgess-is-a-loser,1384266
to-all-the-boys-ive-loved-before,72036
set-it-up,1296522
stronger,64141
the-breadwinner,96677
in-a-heartbeat,1809041
in-a-heartbeat,1809042
gifted-2017,87742
a-fantastic-woman,1142171
before-i-fall,45419
bridget-joness-baby,9158
lion,1173102
a-monster-calls,51894
blair-witch,98631
miss-stevens,1421414
dirty-grandpa,6733
sisters-2015,168667
the-little-prince-2015,57741
the-duff,991868
the-book-of-life-2014,1265056
this-is-where-i-leave-you,17825
how-to-train-your-dragon-2,69797
drinking-buddies,40863
the-to-do-list,465763
bridesmaids,116805
the-lovely-bones,108
the-proposal-2009,29214
hannah-montana-the-movie,36804
17-again,58552
marley-me,5065
camp-rock,116370
the-bucket-list,3026
enchanted,15775
shes-the-man,58375
high-school-musical,65310
the-princess-diaries-2-royal-engagement,1201
spy-kids-2-the-island-of-lost-dreams,2294
the-princess-diaries,1201
the-others,19840
atlantis-the-lost-empire,62047
atlantis-the-lost-empire,62048
tarzan,15775
tarzan,15774
all-about-my-mother,309
the-lion-king-ii-simbas-pride,58829
anastasia-1997,12881
anastasia-1997,40345
101-dalmatians,18356
space-jam,23677
pocahontas,65530
pocahontas,65531
sleepless-in-seattle,9248
the-addams-family,5174
the-little-mermaid,15810
the-little-mermaid,15811
big,14911
grease,8876
one-hundred-and-one-dalmatians,11429
one-hundred-and-one-dalmatians,57314
one-hundred-and-one-dalmatians,64864
sleeping-beauty,64864
roman-holiday,10001
cinderella,11429
cinderella,11434
cinderella,64864
gone-with-the-wind,9049
hamilton-2020,1485823
the-goldfinch,77269
pretty-in-pink,26502
poltergeist,10051
the-lodge-2019,40509
the-lodge-2019,1347619
the-boxtrolls,52691
the-boxtrolls,1152981
turbo,94075
maniac-2012,64211
gremlins-2-the-new-batch,4600
field-of-dreams,23968
the-beyond,29433
house-on-haunted-hill,12011
the-searchers,8500
artemis-fowl,11181
bloodshot,1773871
fantasy-island,55075
maleficent-mistress-of-evil,20307
teenage-mutant-ninja-turtles-out-of-the-shadows,1101410
13-hours-the-secret-soldiers-of-benghazi,865
san-andreas,132876
pitch-perfect-2,9281
shaun-the-sheep-movie,7316
shaun-the-sheep-movie,1244465
penguins-of-madagascar-2014,18863
penguins-of-madagascar-2014,44114
scream-4,5140
the-other-guys,55710
rambo,16483
i-am-legend,10943
rocky-balboa,16483
serenity,12891
scream-3,5140
the-mask-of-zorro,10702
con-air,12786
jason-goes-to-hell-the-final-friday,64743
beauty-and-the-beast-1991,62047
beauty-and-the-beast-1991,62048
friday-the-13th-part-viii-jason-takes-manhattan,64735
friday-the-13th-part-vii-the-new-blood,64722
the-monster-squad,44056
friday-the-13th-part-vi-jason-lives,63550
friday-the-13th-a-new-beginning,58822
friday-the-13th-the-final-chapter,64195
octopussy,10179
rocky-iii,16483
for-your-eyes-only,10179
superman-ii,10586
rocky-ii,16483
superman,7187
live-and-let-die,9915
how-the-grinch-stole-christmas,100888
how-the-grinch-stole-christmas,113285
the-way-back-2020,77003
never-rarely-sometimes-always,1134669
the-assistant-2019,1731915
swallow-2019,939502
shin-godzilla,77921
cafe-society-2016,1243
zoolander-2,7399
the-lure,1557607
the-visit-2015,11614
black-mass-2015,65167
magic-mike-xxl,119665
sleeping-with-other-people,217587
insidious-chapter-3,2128
trainwreck,41039
taken-3,75035
selma,929825
predestination,56501
predestination,56502
they-came-together,22214
maps-to-the-stars,224
the-fault-in-our-stars,1053420
calvary,65594
a-girl-walks-home-alone-at-night,1289604
the-counselor,578
only-lovers-left-alive,4429
warm-bodies,56661
the-way-way-back,105648
the-way-way-back,161932
flight,24
magic-mike,1884
seeking-a-friend-for-the-end-of-the-world,71551
dark-shadows,510
killer-joe,15175
the-descendants,13235
fright-night-2011,50767
blue-valentine,139098
whip-it,69597
martyrs,59611
lars-and-the-real-girl,50767
sympathy-for-lady-vengeance,10099
howls-moving-castle,608
love-actually,7018
identity,366
signs,11614
ghost-world,17447
bridget-joness-diary,9158
miss-congeniality,18281
existenz,224
ringu,26875
neon-genesis-evangelion-the-end-of-evangelion,77921
neon-genesis-evangelion-the-end-of-evangelion,77923
crash,224
the-birdcage,5342
addams-family-values,5174
candyman,57851
braindead-1992,108
darkman,7623
from-beyond,27991
the-dead-zone,224
fast-times-at-ridgemont-high,57434
the-omen,7187
the-rocky-horror-picture-show,13484
dont-look-now,14132
night-of-the-living-dead,14999
after-2019,1586194
five-feet-apart,88675
the-salesman-2016,229931
the-danish-girl,70500
ted-2,52139
paper-towns,836732
the-stanford-prison-experiment,229482
the-diary-of-a-teenage-girl,177532
divergent,17329
carrie-2013,2836
palo-alto,1193602
blue-is-the-warmest-color,17458
revolutionary-road,39
changeling,190
the-pursuit-of-happyness,20646
match-point,1243
hard-candy,27571
the-passion-of-the-christ,2461
the-dreamers,4956
girl-interrupted,366
cruel-intentions,11873
life-is-beautiful,4818
as-good-as-it-gets,3388
taste-of-cherry,119294
three-colors-red,1126
three-colors-white,1126
three-colors-blue,1126
kramer-vs-kramer,6729
a-man-escaped,10346
high-noon,4065
a-streetcar-named-desire,2746
black-narcissus,37846
black-narcissus,68424
rebecca,2636
the-kissing-booth-2,1066705
the-hunt-2020,79434
monos,937765
the-bfg-2016,488
the-assassin-2015,64992
son-of-saul,1454941
insurgent,57270
focus-2015,56411
focus-2015,56412
song-of-the-sea,96676
when-marnie-was-there,144476
the-tale-of-the-princess-kaguya,628
captain-phillips,25598
the-wind-rises,608
the-internship,17825
hansel-gretel-witch-hunters,76927
the-skin-i-live-in,309
the-secret-world-of-arrietty,144476
a-single-man,120615
julie-julia,9248
paprika-2006,40333
open-season,7881
open-season,15812
catwoman,4586
daredevil,16837
treasure-planet,15810
treasure-planet,15811
the-cat-returns,78173
billy-elliot,468
the-road-to-el-dorado,65629
the-road-to-el-dorado,2036264
the-talented-mr-ripley,2239
pokemon-the-first-movie-mewtwo-strikes-back,65429
whisper-of-the-heart,555254
batman-mask-of-the-phantasm,34934
batman-mask-of-the-phantasm,35270
only-yesterday,628
castle-in-the-sky,608
once-upon-a-time-in-america,4385
the-neverending-story,5231
star-trek-ii-the-wrath-of-khan,1788
star-trek-the-motion-picture,1744
manhattan,1243
days-of-heaven,30715
dirty-harry,14773
breakfast-at-tiffanys,1927
wild-strawberries,6648
peter-pan,11429
peter-pan,11434
peter-pan,64864
bambi,5446
fantasia,5446
fantasia,5690
fantasia,5691
fantasia,11426
fantasia,11427
fantasia,11428
fantasia,11429
fantasia,11430
fantasia,11431
fantasia,11432
fantasia,11434
fantasia,226599
blackhat,638
side-effects-2013,1884
martha-marcy-may-marlene,527607
the-double-life-of-veronique,1126
fright-night,64796
sleepaway-camp,74671
scanners,224
seconds,13776
pierrot-le-fou,3776
the-haunting,1744
anatomy-of-a-murder,834
invasion-of-the-body-snatchers,14773
hellraiser,31211
the-fox-and-the-hound,67604
the-fox-and-the-hound,67607
the-fox-and-the-hound,107274
the-innocents,25630
peeping-tom,68424
to-the-bone-2017,149495
fences-2016,5292
the-bad-batch,1289604
lemonade-2016,14386
lemonade-2016,57446
lemonade-2016,71329
lemonade-2016,206623
lemonade-2016,1609935
lemonade-2016,1609941
lemonade-2016,1609958
the-fundamentals-of-caring,1215621
the-5th-wave,111588
aloha,11649
dope-2015,51866
big-eyes,510
august-osage-county,47333
42,4723
identity-thief,71600
paperman,8020
love-other-drugs,9181
hairspray-2007,20739
bridge-to-terabithia,36697
monster-house,57193
the-pink-panther,17825
zathura-a-space-adventure,15277
nanny-mcphee,64045
herbie-fully-loaded,7312
the-phantom-of-the-opera-2004,5572
the-haunted-mansion,18898
how-to-lose-a-guy-in-10-days,18281
ai-artificial-intelligence,488
flubber,56911
the-hunchback-of-notre-dame-1996,62047
the-hunchback-of-notre-dame-1996,62048
james-and-the-giant-peach,57646
interview-with-the-vampire,17016
the-piano,10757
thelma-louise,578
when-harry-met-sally,3026
national-lampoons-vacation,1524
caddyshack,1524
enter-the-dragon,57727
the-apartment,3146
shirley-2020,1033654
petes-dragon-2016,592493
loving-2016,71872
eye-in-the-sky-2015,13079
turbo-kid,585933
turbo-kid,585934
turbo-kid,1397786
spy,116805
into-the-woods-2014,17633
still-alice,82335
still-alice,82337
99-homes,45730
wild,69371
philomena,3224
all-is-lost,556172
the-immigrant-2013,20561
to-the-wonder,30715
mud,71872
the-sorcerers-apprentice-2010,12962
the-taking-of-pelham-1-2-3,893
fish-tank,71082
knowing,21085
doubt,26095
before-the-devil-knows-youre-dead,39996
united-93,25598
the-new-world,30715
crash-2004,455
the-village,11614
man-on-fire-2004,893
the-lion-king-3-hakuna-matata,69416
cheaper-by-the-dozen-2003,17825
intolerable-cruelty,1223
hulk,1614
chicago,17633
stuart-little-2,18898
jimmy-neutron-boy-genius,60237
planet-of-the-apes-2001,510
hollow-man,10491
shakespeare-in-love,18844
pleasantville,23964
home-alone-3,1215
the-nutty-professor-1996,4499
halloween-the-curse-of-michael-myers,55116
babe,58137
a-goofy-movie,15775
the-hudsucker-proxy,1223
my-cousin-vinny,21217
barton-fink,1223
jacobs-ladder,7270
ghost,3415
the-abyss,2710
say-anything,11649
the-land-before-time,40345
the-blob-1988,26713
a-fish-called-wanda,8929
witness,2690
christine-1983,11770
risky-business,57383
dressed-to-kill-1980,1150
the-many-adventures-of-winnie-the-pooh,57314
the-many-adventures-of-winnie-the-pooh,69003
assault-on-precinct-13,11770
deliverance,19665
straw-dogs,7767
harold-and-maude,4964
the-aristocats,57314
in-the-heat-of-the-night,13563
blow-up,15189
what-ever-happened-to-baby-jane,18392
the-man-who-shot-liberty-valance,8500
lavventura,15189
pickpocket,10346
ben-hur-1959,10001
an-american-in-paris,13980
the-treasure-of-the-sierra-madre,6593
the-lady-from-shanghai,40
out-of-the-past,10146
laura,834
shadow-of-a-doubt,2636
meshes-of-the-afternoon,96813
the-rules-of-the-game,11528
battleship-potemkin,9603
the-cabinet-of-dr-caligari-1920,2991
charlies-angels-2019,9281
little-monsters-2019,166754
how-to-be-single,63820
life-after-beth-2014,17884
the-holiday,17698
erin-brockovich,1884
the-flintstones,13581
the-vast-of-night,2186238
vicky-cristina-barcelona,1243
batman-the-dark-knight-returns-part-1,105643
batman-under-the-red-hood,124279
fifty-shades-freed,15890
florence-foster-jenkins,3224
irrational-man,1243
enough-said,56539
abraham-lincoln-vampire-hunter,23430
planet-of-the-apes,13265
dark-waters-2019,16863
whered-you-go-bernadette,564
pitch-perfect-3,1278722
professor-marston-and-the-wonder-women,7312
alice-through-the-looking-glass-2016,26205
like-crazy,132964
its-kind-of-a-funny-story,53068
its-kind-of-a-funny-story,53069
the-house-bunny,66563
rv,5174
the-hours,468
45-years,586002
safe,16863
hellbound-hellraiser-ii,52194
phenomena,4955
sisters,1150
the-lady-vanishes,2636
wild-rose-2018,212240
rough-night,1480620
fifty-shades-darker,15890
obvious-child,1284099
don-jon,24045
resident-evil-afterlife,4014
date-night,17825
the-kids-are-all-right,75699
the-illusionist,17329
the-texas-chainsaw-massacre,29922
contact,24
the-hills-have-eyes,5140
belle-de-jour,793
i-feel-pretty,69124
i-feel-pretty,69125
xx,54025
xx,99082
xx,1061517
xx,1657758
slither,15218
halloween-h20-20-years-later,58712
bound,9339
bound,9340
new-nightmare,5140
freddys-dead-the-final-nightmare,56891
halloween-5-the-revenge-of-michael-myers,32813
a-nightmare-on-elm-street-the-dream-child,2042
halloween-4-the-return-of-michael-myers,56998
a-nightmare-on-elm-street-4-the-dream-master,16938
a-nightmare-on-elm-street-3-dream-warriors,26713
a-nightmare-on-elm-street-part-2-freddys-revenge,62020
cannibal-holocaust,45572
the-green-inferno,16847
atlantics-2019,136168
miss-sloane,18844
certain-women,56383
the-fits,1309008
queen-of-earth,1044255
clouds-of-sils-maria,21678
girlhood-2014,68813
starred-up,3055
the-great-beauty,56194
resident-evil-retribution,4014
beasts-of-the-southern-wild,223516
weekend-2011,586002
beginners,17439
winters-bone,121873
devil,77147
wendy-and-lucy,56383
persepolis,20709
persepolis,20659
capote,5345
gosford-park,9789
i-know-what-you-did-last-summer,33254
philadelphia,16294
naked-lunch,224
broadcast-news,3388
tenebre,4955
autumn-sonata,6648
mikey-and-nicky,58251
young-frankenstein,14639
phantom-of-the-paradise,1150
lady-snowblood,25467
paper-moon,39012
the-young-girls-of-rochefort,24882
the-battle-of-algiers,90694
whos-afraid-of-virginia-woolf,5342
all-that-heaven-allows,46712
a-matter-of-life-and-death,37846
a-matter-of-life-and-death,68424
the-philadelphia-story,14674
mr-smith-goes-to-washington,2662
bringing-up-baby,11435
first-cow,56383
downsizing,13235
beach-rats,1134669
love-friendship,78188
the-eyes-of-my-mother,1545927
phoenix-2014,2332
night-moves-2013,56383
behind-the-candelabra,1884
let-me-in,32278
meeks-cutoff,56383
michael-clayton,19242
closer,5342
shallow-hal,7395
shallow-hal,7396
the-muppet-movie,68457
cries-and-whispers,6648
ace-in-the-hole,3146
transit-2018,2332
muppets-most-wanted,26205
dear-white-people,1059571
war-horse,488
cronos,10828
near-dark,14392
ms-45,39104
cult-of-chucky,65677
i-daniel-blake,15488
red-eye,5140
deep-blue-sea,16938
bride-of-chucky,17268
childs-play-3,28976
daddy-day-care,52112
the-magnificent-seven,14520
luce,1301933
wonderstruck,16863
the-foreigner-2017,10702
trumbo,6737
laggies,90492
hitchcock,8686
guns-akimbo,1422673
lady-in-the-water,11614
the-orphanage,51894
four-weddings-and-a-funeral,10723
queen-slim,1609935
horns,59291
one-hour-photo,57446
pet-sematary,56263
youth-2015,56194
children-of-the-corn,66987
the-man-who-knew-too-much-1956,2636
the-stranger,40
